weekday,day,month,year,start_time,end_time,duration(in h),pseudonym,sex,machine
Mo,5,December,2022,12:00,13:00,1.0,F1,f,2
Mo,5,December,2022,13:00,14:00,1.0,F2,f,2
Di,6,December,2022,12:00,13:00,1.0,M1,m,1
Di,6,December,2022,13:00,14:30,1.5,M2,m,1
Di,6,December,2022,14:30,15:30,1.0,M3,m,1
Di,6,December,2022,14:30,15:30,1.0,M3,m,2
Di,6,December,2022,16:30,17:30,1.0,F3,f,1
Di,6,December,2022,16:30,17:30,1.0,F3,f,2
Di,6,December,2022,18:00,19:00,1.0,F4,f,2
Di,6,December,2022,22:30,23:30,1.0,F5,f,2
Mi,7,December,2022,11:30,12:30,1.0,M4,m,1
Mi,7,December,2022,13:00,14:00,1.0,M5,m,1
Mi,7,December,2022,13:00,14:00,1.0,M5,m,2
Mi,7,December,2022,17:00,18:00,1.0,M6,m,2
Mi,7,December,2022,19:00,20:00,1.0,F6,f,2
Mi,7,December,2022,20:00,21:00,1.0,M7,m,2
Do,8,December,2022,7:00,10:00,3.0,Putzfrau,f,1
Do,8,December,2022,7:00,10:00,3.0,Putzfrau,f,2
Do,8,December,2022,12:00,13:00,1.0,F7,f,1
Do,8,December,2022,18:00,19:00,1.0,F8,f,1
Fr,9,December,2022,10:00,11:00,1.0,M8,m,1
Fr,9,December,2022,12:00,13:00,1.0,F9,f,1
Fr,9,December,2022,12:00,13:00,1.0,F9,f,2
Fr,9,December,2022,13:30,14:30,1.0,M9,m,1
Fr,9,December,2022,13:30,14:30,1.0,F10,f,2
Fr,9,December,2022,16:00,17:30,1.5,F11,f,1
Fr,9,December,2022,16:00,17:30,1.5,F11,f,2
Fr,9,December,2022,17:30,18:30,1.0,F12,f,1
Fr,9,December,2022,17:30,18:30,1.0,M10,m,2
Sa,10,December,2022,9:00,10:00,1.0,F13,f,2
Sa,10,December,2022,11:15,12:45,1.5,F14,f,1
Sa,10,December,2022,11:15,12:45,1.5,F14,f,2
Sa,10,December,2022,16:00,18:00,2.0,F15,f,1
Sa,10,December,2022,16:00,18:00,2.0,F15,f,2
Sa,10,December,2022,18:00,19:00,1.0,F16,f,2
So,11,December,2022,10:00,12:00,2.0,F15,f,1
So,11,December,2022,10:00,12:00,2.0,F15,f,2
So,11,December,2022,12:00,13:00,1.0,F5,f,1
So,11,December,2022,12:00,13:00,1.0,F5,f,2
So,11,December,2022,14:00,15:00,1.0,F17,f,1
So,11,December,2022,14:00,15:00,1.0,F17,f,2
So,11,December,2022,17:00,18:00,1.0,F18,f,1
So,11,December,2022,17:00,18:00,1.0,F18,f,2
So,11,December,2022,18:00,19:00,1.0,M11,m,1
So,11,December,2022,18:00,19:00,1.0,M11,m,2
So,11,December,2022,19:00,20:00,1.0,F19,f,2
So,11,December,2022,20:00,21:00,1.0,F2,f,2
Mo,12,December,2022,10:30,11:30,1.0,F20,f,1
Mo,12,December,2022,12:00,13:00,1.0,F21,f,2
Mo,12,December,2022,17:00,18:00,1.0,F22,f,2
Mo,12,December,2022,18:00,19:00,1.0,F23,f,1
Mo,12,December,2022,18:00,19:00,1.0,F23,f,2
Mo,12,December,2022,19:00,20:00,1.0,M12,m,2
Mo,12,December,2022,20:00,21:00,1.0,M13,m,1
Mo,12,December,2022,20:00,21:00,1.0,M13,m,2
Mo,12,December,2022,22:00,23:00,1.0,F5,f,2
Di,13,December,2022,11:30,12:30,1.0,F21,f,1
Di,13,December,2022,12:00,13:00,1.0,F24,f,2
Di,13,December,2022,13:15,14:15,1.0,F10,f,2
Di,13,December,2022,16:00,17:00,1.0,M1,m,1
Di,13,December,2022,19:15,20:15,1.0,F25,f,1
Mi,14,December,2022,15:30,16:30,1.0,F5,f,2
Mi,14,December,2022,16:30,17:30,1.0,M14,m,1
Mi,14,December,2022,16:30,17:30,1.0,M14,m,2
Mi,14,December,2022,17:30,18:30,1.0,M3,m,1
Mi,14,December,2022,17:30,18:30,1.0,M3,m,2
Mi,14,December,2022,18:30,19:30,1.0,M15,m,1
Mi,14,December,2022,18:30,19:30,1.0,M15,m,2
Mi,14,December,2022,20:00,21:00,1.0,M16,m,1
Mi,14,December,2022,20:00,21:00,1.0,M16,m,2
Do,15,December,2022,7:00,10:00,3.0,Putzfrau,f,1
Do,15,December,2022,7:00,10:00,3.0,Putzfrau,f,2
Do,15,December,2022,12:00,13:00,1.0,F22,f,2
Do,15,December,2022,19:00,20:00,1.0,F12,f,1
Do,15,December,2022,19:00,20:00,1.0,M17,m,2
Fr,16,December,2022,10:30,11:30,1.0,M13,m,1
Fr,16,December,2022,10:30,11:30,1.0,M13,m,2
Fr,16,December,2022,15:15,16:15,1.0,M14,m,1
Fr,16,December,2022,15:20,16:20,1.0,M18,m,2
Fr,16,December,2022,21:00,22:00,1.0,F4,f,1
Fr,16,December,2022,21:00,22:00,1.0,F4,f,2
Fr,16,December,2022,22:30,23:30,1.0,M19,m,2
Sa,17,December,2022,9:00,10:00,1.0,F17,f,1
Sa,17,December,2022,9:30,10:30,1.0,U1,u,2
Sa,17,December,2022,11:00,12:00,1.0,F8,f,1
Sa,17,December,2022,11:00,12:00,1.0,F8,f,2
Sa,17,December,2022,12:00,13:00,1.0,M20,m,1
Sa,17,December,2022,12:00,13:00,1.0,M20,m,2
Sa,17,December,2022,16:00,17:45,1.75,M21,m,1
Sa,17,December,2022,16:45,17:45,1.0,M21,m,2
Sa,17,December,2022,21:30,22:30,1.0,F26,f,2
So,18,December,2022,10:00,11:00,1.0,M2,m,1
So,18,December,2022,13:30,15:30,2.0,M6,m,1
So,18,December,2022,13:30,15:30,2.0,M6,m,2
So,18,December,2022,16:00,18:00,2.0,M22,m,1
So,18,December,2022,16:00,18:00,2.0,M22,m,2
So,18,December,2022,21:00,22:00,1.0,M20,m,1
So,18,December,2022,22:00,23:00,1.0,M20,m,2
Mo,19,December,2022,9:00,10:00,1.0,F12,f,1
Mo,19,December,2022,10:00,11:30,1.5,M9,m,1
Mo,19,December,2022,10:00,11:30,1.5,M9,m,2
Mo,19,December,2022,12:15,13:15,1.0,F27,f,1
Mo,19,December,2022,12:15,13:15,1.0,F27,f,2
Mo,19,December,2022,14:00,15:00,1.0,M23,m,1
Mo,19,December,2022,14:00,15:00,1.0,M23,m,2
Mo,19,December,2022,15:00,16:00,1.0,F23,f,1
Mo,19,December,2022,15:00,16:00,1.0,F23,f,2
Mo,19,December,2022,19:45,20:45,1.0,M7,m,2
Di,20,December,2022,10:30,11:30,1.0,F9,f,1
Di,20,December,2022,10:30,11:30,1.0,F9,f,2
Di,20,December,2022,12:00,13:00,1.0,M8,m,1
Di,20,December,2022,15:00,16:00,1.0,F10,f,2
Di,20,December,2022,17:30,18:30,1.0,M7,m,2
Di,20,December,2022,18:00,19:00,1.0,F28,f,1
Mi,21,December,2022,8:30,9:30,1.0,F13,f,2
Mi,21,December,2022,9:45,11:15,1.5,F14,f,1
Mi,21,December,2022,9:45,11:15,1.5,F14,f,2
Mi,21,December,2022,11:30,12:30,1.0,M24,m,1
Mi,21,December,2022,11:30,12:30,1.0,M24,m,2
Mi,21,December,2022,14:00,15:00,1.0,M2,m,1
Mi,21,December,2022,15:00,16:00,1.0,F2,f,2
Mi,21,December,2022,18:00,19:00,1.0,F29,f,1
Mi,21,December,2022,18:00,19:00,1.0,F29,f,2
Mi,21,December,2022,19:15,20:15,1.0,F4,f,1
Mi,21,December,2022,19:15,20:15,1.0,F4,f,2
Mi,21,December,2022,20:30,21:30,1.0,F10,f,2
Do,22,December,2022,7:00,10:00,3.0,Putzfrau,f,1
Do,22,December,2022,7:00,10:00,3.0,Putzfrau,f,2
Do,22,December,2022,12:00,13:00,1.0,M3,m,1
Do,22,December,2022,12:00,13:00,1.0,M3,m,2
Do,22,December,2022,13:00,14:00,1.0,M3,m,1
Do,22,December,2022,14:30,15:30,1.0,M7,m,2
Do,22,December,2022,17:00,18:00,1.0,F30,f,1
Do,22,December,2022,17:00,18:00,1.0,F30,f,2
Do,22,December,2022,19:00,20:00,1.0,F31,f,1
Do,22,December,2022,19:00,20:00,1.0,F31,f,2
Di,27,December,2022,21:30,23:00,1.5,F11,f,1
Di,27,December,2022,21:30,23:00,1.5,F11,f,2
Mi,28,December,2022,11:30,13:30,2.0,F18,f,2
Mi,28,December,2022,15:00,17:00,2.0,M9,m,1
Mi,28,December,2022,15:00,17:00,2.0,M9,m,2
Mi,28,December,2022,17:00,18:00,1.0,F3,f,1
Mi,28,December,2022,17:00,18:00,1.0,F3,f,2
Do,29,December,2022,7:00,10:00,3.0,Putzfrau,f,1
Do,29,December,2022,7:00,10:00,3.0,Putzfrau,f,2
Do,29,December,2022,17:15,18:45,1.5,M25,m,1
Fr,30,December,2022,10:00,11:45,1.75,M9,m,1
Fr,30,December,2022,10:00,11:45,1.75,M9,m,2
Sa,31,December,2022,8:45,9:45,1.0,F10,f,2
So,1,January,2023,15:00,16:00,1.0,F9,f,1
So,1,January,2023,15:00,16:00,1.0,F9,f,2
Mo,2,January,2023,10:30,11:30,1.0,F16,f,1
Mo,2,January,2023,15:00,16:00,1.0,F13,f,1
Mo,2,January,2023,15:00,16:00,1.0,F13,f,2
Mo,2,January,2023,19:00,20:00,1.0,F15,f,1
Di,3,January,2023,9:15,10:15,1.0,F19,f,2
Di,3,January,2023,11:30,12:30,1.0,F31,f,1
Di,3,January,2023,13:30,14:30,1.0,F31,f,1
Di,3,January,2023,13:30,14:30,1.0,F31,f,2
Di,3,January,2023,17:45,18:45,1.0,F20,f,1
Mi,4,January,2023,9:30,10:30,1.0,F10,f,2
Mi,4,January,2023,14:00,15:00,1.0,M7,m,2
Do,5,January,2023,7:00,10:00,3.0,Putzfrau,f,1
Do,5,January,2023,7:00,10:00,3.0,Putzfrau,f,2
Do,5,January,2023,13:00,14:00,1.0,M26,m,1
Do,5,January,2023,13:00,14:00,1.0,M26,m,2
Do,5,January,2023,14:00,15:00,1.0,M7,m,2
Do,5,January,2023,20:30,21:30,1.0,M13,m,1
Do,5,January,2023,20:30,21:30,1.0,M13,m,2
Fr,6,January,2023,13:20,14:20,1.0,F16,f,1
Fr,6,January,2023,14:00,15:00,1.0,M7,m,2
Fr,6,January,2023,18:00,19:00,1.0,M1,m,1
Sa,7,January,2023,11:15,12:15,1.0,M23,m,1
Sa,7,January,2023,11:15,12:15,1.0,M23,m,2
Sa,7,January,2023,12:30,13:30,1.0,M9,m,1
Sa,7,January,2023,12:30,13:30,1.0,M9,m,2
Sa,7,January,2023,18:45,19:45,1.0,F25,f,1
Sa,7,January,2023,18:45,19:45,1.0,F25,f,2
So,8,January,2023,9:00,10:00,1.0,F9,f,2
So,8,January,2023,12:00,13:00,1.0,M7,m,2
So,8,January,2023,15:00,16:00,1.0,F32,f,1
So,8,January,2023,17:00,18:00,1.0,M19,m,2
So,8,January,2023,18:00,19:00,1.0,F23,f,1
So,8,January,2023,18:00,19:00,1.0,F23,f,2
So,8,January,2023,19:00,20:45,1.75,F18,f,2
Mo,9,January,2023,7:00,8:00,1.0,M16,m,1
Mo,9,January,2023,14:30,15:30,1.0,M5,m,1
Mo,9,January,2023,14:30,15:30,1.0,M5,m,2
Mo,9,January,2023,16:00,17:00,1.0,F22,f,2
Mo,9,January,2023,21:30,22:30,1.0,F5,f,1
Di,10,January,2023,10:00,11:00,1.0,F33,f,2
Mi,11,January,2023,11:15,12:15,1.0,F10,f,2
Mi,11,January,2023,14:00,15:00,1.0,M7,m,2
Mi,11,January,2023,15:00,16:00,1.0,M17,m,1
Mi,11,January,2023,16:00,17:00,1.0,F34,f,1
Mi,11,January,2023,16:00,17:00,1.0,F34,f,2
Mi,11,January,2023,17:30,18:30,1.0,M14,m,1
Mi,11,January,2023,21:30,22:30,1.0,M11,m,1
Mi,11,January,2023,21:30,22:30,1.0,M11,m,2
Do,12,January,2023,7:00,10:00,3.0,Putzfrau,f,1
Do,12,January,2023,7:00,10:00,3.0,Putzfrau,f,2
Do,12,January,2023,10:00,11:00,1.0,F2,f,2
Do,12,January,2023,12:00,13:00,1.0,F24,f,1
Do,12,January,2023,12:00,13:00,1.0,F24,f,2
Do,12,January,2023,14:00,16:00,2.0,F11,f,1
Do,12,January,2023,14:00,16:00,2.0,F11,f,2
Do,12,January,2023,16:00,17:00,1.0,M2,m,1
Do,12,January,2023,16:00,17:00,1.0,M17,m,2
Do,12,January,2023,17:00,18:00,1.0,M27,m,1
Do,12,January,2023,17:00,18:00,1.0,M27,m,2
Do,12,January,2023,18:00,19:00,1.0,F20,f,1
Do,12,January,2023,19:00,20:00,1.0,F35,f,2
Fr,13,January,2023,19:45,20:45,1.0,F27,f,1
Fr,13,January,2023,22:45,23:45,1.0,F25,f,1
Fr,13,January,2023,22:45,23:45,1.0,F25,f,2
Sa,14,January,2023,9:00,10:00,1.0,F13,f,2
Sa,14,January,2023,10:00,11:30,1.5,F15,f,1
Sa,14,January,2023,10:00,11:30,1.5,F15,f,2
Sa,14,January,2023,11:30,12:30,1.0,M7,m,2
Sa,14,January,2023,14:15,15:15,1.0,F10,f,2
Sa,14,January,2023,17:30,18:30,1.0,M15,m,1
Sa,14,January,2023,18:30,19:30,1.0,F12,f,1
Sa,14,January,2023,19:30,20:30,1.0,F16,f,1
So,15,January,2023,10:00,11:00,1.0,F36,f,1
So,15,January,2023,10:00,11:00,1.0,F36,f,2
So,15,January,2023,11:00,12:00,1.0,F23,f,2
So,15,January,2023,11:30,12:30,1.0,F19,f,1
So,15,January,2023,14:00,15:00,1.0,F23,f,2
So,15,January,2023,16:00,17:00,1.0,M6,m,1
So,15,January,2023,16:00,17:00,1.0,M6,m,2
So,15,January,2023,17:00,18:00,1.0,M1,m,1
So,15,January,2023,18:00,19:00,1.0,F7,f,1
So,15,January,2023,19:00,20:00,1.0,M28,m,1
Mo,16,January,2023,9:00,10:00,1.0,M10,m,2
Mo,16,January,2023,10:00,11:00,1.0,M3,m,1
Mo,16,January,2023,10:00,11:00,1.0,M3,m,2
Mo,16,January,2023,13:00,14:00,1.0,M2,m,1
Mo,16,January,2023,14:30,15:30,1.0,F37,f,2
Mo,16,January,2023,17:00,18:00,1.0,F22,f,1
Mo,16,January,2023,22:00,23:00,1.0,F38,f,1
Mo,16,January,2023,22:00,23:00,1.0,F38,f,2
Di,17,January,2023,9:00,10:00,1.0,F10,f,2
Di,17,January,2023,16:30,17:30,1.0,M14,m,1
Di,17,January,2023,18:00,19:00,1.0,M9,m,1
Di,17,January,2023,18:00,19:00,1.0,M9,m,2
Mi,18,January,2023,10:00,11:00,1.0,M29,m,2
Mi,18,January,2023,11:00,12:00,1.0,F18,f,2
Mi,18,January,2023,12:00,13:00,1.0,F3,f,1
Mi,18,January,2023,12:00,13:00,1.0,F3,f,2
Mi,18,January,2023,15:30,16:30,1.0,M7,m,2
Mi,18,January,2023,16:30,17:30,1.0,F39,f,1
Mi,18,January,2023,17:15,18:15,1.0,M19,m,2
Mi,18,January,2023,19:30,20:30,1.0,F6,f,1
Mi,18,January,2023,20:00,21:00,1.0,F5,f,2
Mi,18,January,2023,20:30,21:30,1.0,F27,f,1
Mi,18,January,2023,21:00,22:00,1.0,F5,f,2
Do,19,January,2023,7:00,10:00,3.0,Putzfrau,f,1
Do,19,January,2023,7:00,10:00,3.0,Putzfrau,f,2
Do,19,January,2023,16:15,17:15,1.0,M7,m,2
Do,19,January,2023,17:00,18:00,1.0,F8,f,1
Do,19,January,2023,18:00,19:00,1.0,F10,f,2
Do,19,January,2023,19:00,20:30,1.5,F28,f,1
Fr,20,January,2023,8:00,9:00,1.0,F2,f,2
Fr,20,January,2023,12:00,13:00,1.0,M30,m,1
Fr,20,January,2023,21:30,22:30,1.0,F1,f,1
Fr,20,January,2023,21:30,22:30,1.0,F1,f,2
Sa,21,January,2023,9:45,10:45,1.0,F9,f,1
Sa,21,January,2023,9:45,10:45,1.0,F9,f,2
Sa,21,January,2023,10:45,11:45,1.0,F9,f,2
Sa,21,January,2023,11:00,12:00,1.0,F31,f,1
Sa,21,January,2023,12:30,13:30,1.0,F21,f,1
Sa,21,January,2023,14:15,15:15,1.0,F40,f,1
So,22,January,2023,11:30,12:30,1.0,F26,f,2
So,22,January,2023,12:30,13:30,1.0,F29,f,1
So,22,January,2023,12:30,13:30,1.0,F29,f,2
So,22,January,2023,13:30,14:30,1.0,F21,f,1
So,22,January,2023,15:15,16:15,1.0,M12,m,2
So,22,January,2023,16:30,17:30,1.0,F4,f,1
So,22,January,2023,16:30,17:30,1.0,F4,f,2
So,22,January,2023,17:30,18:30,1.0,M7,m,2
So,22,January,2023,20:00,21:00,1.0,M6,m,1
So,22,January,2023,20:00,21:00,1.0,M6,m,2
Mo,23,January,2023,7:45,8:45,1.0,M16,m,2
Mo,23,January,2023,14:00,15:00,1.0,M17,m,2
Mo,23,January,2023,15:00,16:00,1.0,F11,f,1
Mo,23,January,2023,15:00,16:00,1.0,F11,f,2
Di,24,January,2023,13:30,15:30,2.0,M3,m,1
Di,24,January,2023,13:30,14:30,1.0,M3,m,2
Di,24,January,2023,16:00,17:00,1.0,F12,f,1
Di,24,January,2023,17:30,19:00,1.5,M9,m,1
Di,24,January,2023,17:30,19:00,1.5,M9,m,2
Mi,25,January,2023,8:00,9:00,1.0,M16,m,1
Mi,25,January,2023,11:00,12:00,1.0,M13,m,1
Mi,25,January,2023,11:00,12:00,1.0,M13,m,2
Mi,25,January,2023,18:00,19:00,1.0,F5,f,2
Mi,25,January,2023,20:30,22:00,1.5,M11,m,1
Do,26,January,2023,7:00,10:00,3.0,Putzfrau,f,1
Do,26,January,2023,7:00,10:00,3.0,Putzfrau,f,2
Do,26,January,2023,10:00,11:00,1.0,F34,f,1
Do,26,January,2023,10:00,11:00,1.0,F34,f,2
Do,26,January,2023,11:00,12:00,1.0,F16,f,1
Do,26,January,2023,11:00,12:00,1.0,F16,f,2
Fr,27,January,2023,8:30,9:30,1.0,F33,f,2
Fr,27,January,2023,11:00,12:00,1.0,F36,f,1
Fr,27,January,2023,11:00,12:00,1.0,F36,f,2
Fr,27,January,2023,12:00,13:00,1.0,F23,f,1
Fr,27,January,2023,12:00,13:00,1.0,F23,f,2
Fr,27,January,2023,13:00,14:00,1.0,M13,m,1
Fr,27,January,2023,13:00,14:00,1.0,M13,m,2
Fr,27,January,2023,14:00,15:00,1.0,M31,m,2
Fr,27,January,2023,16:00,17:00,1.0,F36,f,1
Fr,27,January,2023,16:00,17:00,1.0,F36,f,2
Fr,27,January,2023,17:00,18:00,1.0,M2,m,1
Fr,27,January,2023,18:30,19:30,1.0,F14,f,1
Fr,27,January,2023,18:30,19:30,1.0,F14,f,2
Fr,27,January,2023,19:30,20:30,1.0,F20,f,1
Sa,28,January,2023,8:00,9:00,1.0,F24,f,2
Sa,28,January,2023,8:30,10:00,1.5,M2,m,1
Sa,28,January,2023,13:45,14:45,1.0,F10,f,2
Sa,28,January,2023,16:00,17:00,1.0,F13,f,2
Sa,28,January,2023,16:30,17:30,1.0,M28,m,1
Sa,28,January,2023,17:30,18:30,1.0,M1,m,2
Sa,28,January,2023,19:30,20:30,1.0,F21,f,1
Sa,28,January,2023,22:30,23:30,1.0,F36,f,1
Sa,28,January,2023,22:30,23:30,1.0,F36,f,2
So,29,January,2023,11:00,12:00,1.0,F2,f,2
So,29,January,2023,14:00,15:00,1.0,M9,m,1
So,29,January,2023,14:00,15:00,1.0,M9,m,2
So,29,January,2023,16:00,17:00,1.0,M7,m,2
So,29,January,2023,18:00,19:00,1.0,F30,f,1
So,29,January,2023,18:00,19:00,1.0,F30,f,2
So,29,January,2023,20:00,21:00,1.0,F32,f,1
So,29,January,2023,21:00,22:00,1.0,F5,f,1
So,29,January,2023,21:00,22:00,1.0,F5,f,2
Mo,30,January,2023,10:45,11:45,1.0,F18,f,1
Mo,30,January,2023,10:45,11:45,1.0,F18,f,2
Mo,30,January,2023,13:00,14:00,1.0,F22,f,2
Mo,30,January,2023,14:00,15:00,1.0,M23,m,1
Mo,30,January,2023,17:00,18:00,1.0,F6,f,2
Di,31,January,2023,8:00,9:00,1.0,M2,m,1
Di,31,January,2023,16:00,17:00,1.0,F40,f,1
Di,31,January,2023,16:00,17:00,1.0,F40,f,2
Di,31,January,2023,17:00,18:00,1.0,F40,f,1
Di,31,January,2023,19:00,20:00,1.0,M16,m,2
Mi,1,February,2023,12:45,13:45,1.0,M8,m,1
Mi,1,February,2023,14:15,15:15,1.0,F10,f,2
Mi,1,February,2023,14:45,15:45,1.0,M14,m,1
Mi,1,February,2023,16:30,17:30,1.0,M6,m,1
Mi,1,February,2023,16:30,17:30,1.0,M6,m,2
Mi,1,February,2023,19:00,20:00,1.0,F6,f,2
Mi,1,February,2023,20:30,21:30,1.0,F5,f,2
Do,2,February,2023,7:00,10:00,3.0,Putzfrau,f,1
Do,2,February,2023,7:00,10:00,3.0,Putzfrau,f,2
Do,2,February,2023,10:00,11:00,1.0,F27,f,1
Do,2,February,2023,10:00,11:00,1.0,F27,f,2
Do,2,February,2023,11:00,12:00,1.0,F19,f,1
Do,2,February,2023,15:00,16:00,1.0,M15,m,1
Do,2,February,2023,15:00,16:00,1.0,M15,m,2
Fr,3,February,2023,10:00,11:00,1.0,F10,f,2
Fr,3,February,2023,18:00,19:00,1.0,F28,f,1
Fr,3,February,2023,21:00,22:00,1.0,F41,f,2
Sa,4,February,2023,9:00,11:00,2.0,F15,f,1
Sa,4,February,2023,9:00,11:00,2.0,F15,f,2
Sa,4,February,2023,11:00,12:00,1.0,F9,f,1
Sa,4,February,2023,12:00,13:00,1.0,F12,f,1
Sa,4,February,2023,14:30,15:30,1.0,M32,m,1
Sa,4,February,2023,14:30,15:30,1.0,M32,m,2
Sa,4,February,2023,15:30,16:30,1.0,F16,f,1
Sa,4,February,2023,16:30,18:00,1.5,F35,f,1
Sa,4,February,2023,16:30,18:00,1.5,F35,f,2
Sa,4,February,2023,18:00,19:00,1.0,F42,f,2
Sa,4,February,2023,19:00,20:00,1.0,M18,m,1
Sa,4,February,2023,20:00,21:00,1.0,M17,m,2
Sa,4,February,2023,21:00,22:00,1.0,F41,f,1
So,5,February,2023,9:00,10:30,1.5,F11,f,1
So,5,February,2023,9:00,10:30,1.5,F11,f,2
So,5,February,2023,10:30,11:30,1.0,F17,f,1
So,5,February,2023,10:30,11:30,1.0,F17,f,2
So,5,February,2023,11:30,12:30,1.0,F31,f,1
So,5,February,2023,15:00,17:00,2.0,F25,f,1
So,5,February,2023,15:00,17:00,2.0,F25,f,2
So,5,February,2023,17:00,18:00,1.0,M17,m,2
So,5,February,2023,18:00,20:00,2.0,M6,m,1
So,5,February,2023,18:00,20:00,2.0,M6,m,2
So,5,February,2023,20:45,21:45,1.0,M28,m,1
So,5,February,2023,22:00,23:00,1.0,M7,m,2
Mo,6,February,2023,13:00,14:30,1.5,F11,f,1
Mo,6,February,2023,13:00,14:30,1.5,F11,f,2
Mo,6,February,2023,18:00,19:00,1.0,M14,m,1
Di,7,February,2023,9:45,10:45,1.0,F10,f,2
Di,7,February,2023,11:30,12:30,1.0,M3,m,1
Di,7,February,2023,11:30,12:30,1.0,M3,m,2
Di,7,February,2023,16:00,17:00,1.0,F43,f,2
Di,7,February,2023,17:30,18:30,1.0,M6,m,1
Di,7,February,2023,17:30,18:30,1.0,M6,m,2
Di,7,February,2023,19:00,20:00,1.0,M9,m,1
Di,7,February,2023,19:00,20:00,1.0,M9,m,2
Mi,8,February,2023,9:30,10:30,1.0,M17,m,1
Mi,8,February,2023,12:00,13:00,1.0,M24,m,2
Mi,8,February,2023,14:30,15:30,1.0,F8,f,1
Mi,8,February,2023,14:30,15:30,1.0,F8,f,2
Mi,8,February,2023,18:30,19:30,1.0,M14,m,1
Mi,8,February,2023,21:30,22:30,1.0,M7,m,2
Do,9,February,2023,7:00,10:00,3.0,Putzfrau,f,1
Do,9,February,2023,7:00,10:00,3.0,Putzfrau,f,2
Do,9,February,2023,12:00,13:00,1.0,M19,m,2
Do,9,February,2023,17:00,18:00,1.0,F23,f,1
Do,9,February,2023,17:00,18:00,1.0,F23,f,2
Do,9,February,2023,19:15,20:15,1.0,M11,m,1
Do,9,February,2023,19:15,20:15,1.0,M11,m,2
Fr,10,February,2023,6:30,7:30,1.0,M27,m,1
Fr,10,February,2023,6:30,7:30,1.0,M27,m,2
Fr,10,February,2023,8:30,9:30,1.0,F36,f,1
Fr,10,February,2023,8:30,9:30,1.0,F36,f,2
Fr,10,February,2023,9:30,10:30,1.0,F36,f,1
Fr,10,February,2023,9:30,10:30,1.0,F36,f,2
Fr,10,February,2023,11:00,12:00,1.0,F29,f,1
Fr,10,February,2023,11:00,12:00,1.0,F29,f,2
Fr,10,February,2023,12:15,13:15,1.0,F2,f,2
Fr,10,February,2023,17:00,18:00,1.0,M1,m,1
Fr,10,February,2023,22:00,23:00,1.0,M12,m,2
Sa,11,February,2023,8:30,9:30,1.0,F20,f,1
Sa,11,February,2023,10:00,11:00,1.0,F21,f,2
Sa,11,February,2023,14:30,15:30,1.0,M7,m,2
Sa,11,February,2023,16:00,18:00,2.0,M13,m,1
Sa,11,February,2023,16:00,18:00,2.0,M13,m,2
Sa,11,February,2023,18:00,19:00,1.0,F16,f,1
Sa,11,February,2023,19:30,20:30,1.0,F18,f,1
Sa,11,February,2023,19:30,20:30,1.0,F18,f,2
Sa,11,February,2023,21:00,22:00,1.0,F13,f,1
Sa,11,February,2023,21:00,22:00,1.0,F13,f,2
So,12,February,2023,10:00,11:00,1.0,F9,f,2
So,12,February,2023,11:00,12:00,1.0,F21,f,1
So,12,February,2023,12:00,13:00,1.0,M2,m,1
So,12,February,2023,12:00,13:00,1.0,M2,m,2
So,12,February,2023,13:00,14:00,1.0,M16,m,1
So,12,February,2023,13:00,14:00,1.0,M16,m,2
So,12,February,2023,14:00,15:00,1.0,F19,f,2
So,12,February,2023,16:00,17:00,1.0,M9,m,1
So,12,February,2023,16:00,17:00,1.0,M9,m,2
Mo,13,February,2023,8:00,9:00,1.0,F12,f,1
Mo,13,February,2023,11:00,12:00,1.0,F21,f,2
Mo,13,February,2023,12:00,13:00,1.0,F3,f,1
Mo,13,February,2023,12:00,13:00,1.0,F3,f,2
Mo,13,February,2023,13:30,14:30,1.0,F34,f,1
Mo,13,February,2023,13:30,14:30,1.0,F34,f,2
Mo,13,February,2023,16:00,17:00,1.0,F37,f,1
Mo,13,February,2023,20:00,21:00,1.0,M7,m,2
Mo,13,February,2023,21:00,22:00,1.0,M20,m,1
Mo,13,February,2023,21:00,22:00,1.0,M20,m,2
Di,14,February,2023,9:00,10:00,1.0,M23,m,1
Di,14,February,2023,9:00,10:00,1.0,M23,m,2
Di,14,February,2023,10:30,11:30,1.0,F10,f,2
Di,14,February,2023,15:30,16:30,1.0,F5,f,2
Mi,15,February,2023,9:30,10:30,1.0,M13,m,1
Mi,15,February,2023,9:30,10:30,1.0,M13,m,2
Mi,15,February,2023,10:30,11:30,1.0,F33,f,1
Mi,15,February,2023,11:00,12:00,1.0,F22,f,2
Mi,15,February,2023,14:00,15:00,1.0,F38,f,1
Mi,15,February,2023,14:00,15:00,1.0,F38,f,2
Mi,15,February,2023,19:00,20:00,1.0,M6,m,1
Mi,15,February,2023,19:00,20:00,1.0,M6,m,2
Do,16,February,2023,7:00,10:00,3.0,Putzfrau,f,1
Do,16,February,2023,7:00,10:00,3.0,Putzfrau,f,2
Do,16,February,2023,10:15,11:15,1.0,M19,m,2
Do,16,February,2023,10:45,11:45,1.0,F40,f,1
Do,16,February,2023,11:45,12:45,1.0,M33,m,1
Do,16,February,2023,13:00,14:00,1.0,F5,f,2
Do,16,February,2023,14:00,15:00,1.0,F2,f,2
Do,16,February,2023,15:00,16:00,1.0,F23,f,1
Do,16,February,2023,15:00,16:00,1.0,F23,f,2
Do,16,February,2023,16:00,17:00,1.0,M14,m,1
Do,16,February,2023,17:00,18:00,1.0,M1,m,2
Fr,17,February,2023,8:30,9:30,1.0,M17,m,1
Fr,17,February,2023,9:00,10:00,1.0,F16,f,2
Fr,17,February,2023,10:45,11:45,1.0,F10,f,2
Fr,17,February,2023,13:00,14:00,1.0,M33,m,1
Sa,18,February,2023,8:45,9:45,1.0,F5,f,2
Sa,18,February,2023,11:30,12:30,1.0,M33,m,1
Sa,18,February,2023,17:45,18:45,1.0,F25,f,1
Sa,18,February,2023,17:45,18:45,1.0,F25,f,2
Sa,18,February,2023,19:00,20:00,1.0,M15,m,1
Sa,18,February,2023,19:00,20:00,1.0,M15,m,2
Sa,18,February,2023,21:30,22:30,1.0,M5,m,1
Sa,18,February,2023,21:30,22:30,1.0,M5,m,2
So,19,February,2023,20:00,21:00,1.0,M34,m,1
Mo,20,February,2023,9:30,11:00,1.5,F11,f,1
Mo,20,February,2023,9:30,11:00,1.5,F11,f,2
Mo,20,February,2023,11:00,12:00,1.0,F2,f,2
Mo,20,February,2023,14:45,16:00,1.25,M34,m,1
Mo,20,February,2023,15:00,16:00,1.0,F21,f,2
Mo,20,February,2023,17:30,18:30,1.0,F37,f,2
Mo,20,February,2023,18:30,19:30,1.0,M3,m,1
Mo,20,February,2023,18:30,19:30,1.0,M3,m,2
Di,21,February,2023,9:00,10:00,1.0,F9,f,1
Di,21,February,2023,9:00,10:00,1.0,F9,f,2
Di,21,February,2023,10:00,11:00,1.0,M10,m,2
Di,21,February,2023,15:00,16:00,1.0,M7,m,2
Di,21,February,2023,17:30,19:00,1.5,M9,m,1
Di,21,February,2023,17:30,19:00,1.5,M9,m,2
Di,21,February,2023,19:30,20:30,1.0,F15,f,1
Di,21,February,2023,19:30,20:30,1.0,F15,f,2
Di,21,February,2023,21:00,22:00,1.0,M7,m,2
Di,21,February,2023,21:45,22:45,1.0,M30,m,1
Mi,22,February,2023,13:00,14:00,1.0,M8,m,1
Mi,22,February,2023,15:00,16:00,1.0,M7,m,2
Mi,22,February,2023,15:30,16:30,1.0,F17,f,1
Do,23,February,2023,7:00,10:00,3.0,Putzfrau,f,1
Do,23,February,2023,7:00,10:00,3.0,Putzfrau,f,2
Do,23,February,2023,10:30,11:30,1.0,M17,m,1
Fr,24,February,2023,10:15,11:15,1.0,F10,f,2
Fr,24,February,2023,14:00,15:00,1.0,F13,f,2
Sa,25,February,2023,12:00,13:00,1.0,F31,f,1
Sa,25,February,2023,12:00,13:00,1.0,F31,f,2
Sa,25,February,2023,13:00,14:00,1.0,F31,f,1
Sa,25,February,2023,13:00,14:00,1.0,F31,f,2
Sa,25,February,2023,17:00,18:00,1.0,F34,f,1
Sa,25,February,2023,17:00,18:00,1.0,F34,f,2
So,26,February,2023,9:30,10:30,1.0,F16,f,1
So,26,February,2023,9:30,10:30,1.0,F16,f,2
So,26,February,2023,12:00,13:00,1.0,M9,m,1
So,26,February,2023,12:00,13:00,1.0,M9,m,2
So,26,February,2023,13:00,14:00,1.0,F19,f,1
So,26,February,2023,13:00,14:00,1.0,F19,f,2
So,26,February,2023,14:30,15:30,1.0,M16,m,1
So,26,February,2023,14:30,15:30,1.0,M16,m,2
Mo,27,February,2023,15:00,16:00,1.0,M33,m,1
Mo,27,February,2023,19:00,20:30,1.5,F14,f,1
Mo,27,February,2023,19:00,20:30,1.5,F14,f,2
Di,28,February,2023,8:00,9:00,1.0,M23,m,2
Di,28,February,2023,10:30,11:30,1.0,F18,f,1
Di,28,February,2023,10:30,11:30,1.0,F18,f,2
Di,28,February,2023,11:30,12:30,1.0,F18,f,2
Di,28,February,2023,12:30,13:30,1.0,M18,m,1
Di,28,February,2023,17:00,18:00,1.0,F12,f,1
Di,28,February,2023,17:00,18:00,1.0,F12,f,2
Di,28,February,2023,19:00,20:00,1.0,M19,m,1
Di,28,February,2023,19:00,20:00,1.0,M19,m,2
Mi,1,March,2023,11:00,12:00,1.0,M4,m,1
Mi,1,March,2023,15:00,16:00,1.0,M6,m,1
Mi,1,March,2023,15:00,16:00,1.0,M6,m,2
Mi,1,March,2023,20:30,21:30,1.0,F36,f,1
Mi,1,March,2023,20:30,21:30,1.0,F36,f,2
Mi,1,March,2023,21:30,22:30,1.0,F36,f,1
Mi,1,March,2023,21:30,22:30,1.0,F36,f,2
Mi,1,March,2023,22:45,23:45,1.0,M12,m,2
Do,2,March,2023,7:00,10:00,3.0,Putzfrau,f,1
Do,2,March,2023,7:00,10:00,3.0,Putzfrau,f,2
Do,2,March,2023,12:00,13:00,1.0,M24,m,2
Do,2,March,2023,12:30,13:30,1.0,F26,f,1
Do,2,March,2023,17:30,18:30,1.0,M1,m,2
Fr,3,March,2023,8:30,9:30,1.0,F13,f,2
Fr,3,March,2023,20:00,21:00,1.0,F33,f,2
Fr,3,March,2023,21:00,22:00,1.0,M15,m,1
Fr,3,March,2023,21:00,22:00,1.0,M15,m,2
Sa,4,March,2023,10:00,11:00,1.0,M29,m,1
Sa,4,March,2023,10:00,11:00,1.0,M29,m,2
Sa,4,March,2023,11:00,12:00,1.0,M28,m,1
Sa,4,March,2023,11:00,12:00,1.0,M28,m,2
Sa,4,March,2023,12:30,13:30,1.0,F20,f,1
Sa,4,March,2023,14:00,15:00,1.0,F10,f,2
Sa,4,March,2023,18:00,19:00,1.0,F13,f,2
Sa,4,March,2023,21:00,22:00,1.0,M30,m,1
So,5,March,2023,9:30,11:00,1.5,F15,f,1
So,5,March,2023,9:30,11:00,1.5,F15,f,2
So,5,March,2023,11:00,12:00,1.0,M9,m,1
So,5,March,2023,11:00,12:00,1.0,M9,m,2
So,5,March,2023,14:30,15:30,1.0,F8,f,1
So,5,March,2023,14:30,15:30,1.0,F8,f,2
So,5,March,2023,15:30,16:30,1.0,F8,f,1
Mo,6,March,2023,8:00,9:00,1.0,M33,m,1
Mo,6,March,2023,15:00,17:00,2.0,F23,f,1
Mo,6,March,2023,15:00,17:00,2.0,F23,f,2
Mo,6,March,2023,17:00,18:00,1.0,M17,m,1
Mo,6,March,2023,18:00,19:00,1.0,M32,m,1
Mo,6,March,2023,18:00,19:00,1.0,M32,m,2
Mo,6,March,2023,19:00,20:00,1.0,M3,m,1
Mo,6,March,2023,19:00,20:00,1.0,M3,m,2
Mo,6,March,2023,20:00,21:00,1.0,F15,f,1
Di,7,March,2023,8:15,9:15,1.0,M2,m,1
Di,7,March,2023,21:15,23:00,1.75,F9,f,1
Mi,8,March,2023,18:30,19:30,1.0,M22,m,1
Mi,8,March,2023,18:30,19:30,1.0,M22,m,2
Do,9,March,2023,7:00,10:00,3.0,Putzfrau,f,1
Do,9,March,2023,7:00,10:00,3.0,Putzfrau,f,2
Do,9,March,2023,14:00,15:00,1.0,M33,m,1
Do,9,March,2023,14:00,15:00,1.0,M33,m,2
Do,9,March,2023,18:30,19:30,1.0,F16,f,1
Fr,10,March,2023,12:15,13:15,1.0,F18,f,2
Fr,10,March,2023,17:00,18:00,1.0,M13,m,1
Fr,10,March,2023,17:00,18:00,1.0,M13,m,2
Fr,10,March,2023,18:00,19:00,1.0,M30,m,2
Sa,11,March,2023,10:00,11:00,1.0,M9,m,1
Sa,11,March,2023,10:00,11:00,1.0,M9,m,2
Sa,11,March,2023,17:00,18:00,1.0,M16,m,1
Sa,11,March,2023,17:00,18:00,1.0,M16,m,2
Sa,11,March,2023,19:45,21:15,1.5,F30,f,1
Sa,11,March,2023,19:45,21:15,1.5,F30,f,2
So,12,March,2023,14:00,15:00,1.0,M7,m,2
So,12,March,2023,16:00,17:00,1.0,F14,f,1
So,12,March,2023,16:00,17:00,1.0,F14,f,2
So,12,March,2023,17:00,18:00,1.0,M7,m,2
So,12,March,2023,18:15,19:15,1.0,F28,f,1
Mo,13,March,2023,18:00,19:00,1.0,F34,f,1
Mo,13,March,2023,18:00,19:00,1.0,F34,f,2
Di,14,March,2023,7:00,8:00,1.0,M23,m,1
Di,14,March,2023,7:00,8:00,1.0,M23,m,2
Mi,15,March,2023,10:00,11:00,1.0,F10,f,1
Mi,15,March,2023,10:00,11:00,1.0,F10,f,2
Mi,15,March,2023,11:00,12:00,1.0,M17,m,1
Mi,15,March,2023,12:00,13:00,1.0,M33,m,2
Mi,15,March,2023,20:30,21:30,1.0,M13,m,1
Mi,15,March,2023,20:30,21:30,1.0,M13,m,2
Do,16,March,2023,7:00,10:00,3.0,Putzfrau,f,1
Do,16,March,2023,7:00,10:00,3.0,Putzfrau,f,2
Do,16,March,2023,12:00,13:00,1.0,F19,f,1
Do,16,March,2023,15:30,16:30,1.0,F13,f,2
Do,16,March,2023,19:00,21:00,2.0,F28,f,1
Do,16,March,2023,19:00,21:00,2.0,M7,m,2
Do,16,March,2023,21:00,22:00,1.0,F15,f,1
Do,16,March,2023,21:00,22:00,1.0,F15,f,2
Fr,17,March,2023,14:00,15:00,1.0,F16,f,1
Fr,17,March,2023,15:00,16:00,1.0,M6,m,1
Fr,17,March,2023,15:00,16:00,1.0,M6,m,2
Sa,18,March,2023,8:30,9:30,1.0,F13,f,2
Sa,18,March,2023,15:00,16:00,1.0,M6,m,2
Sa,18,March,2023,16:00,17:00,1.0,M7,m,2
Sa,18,March,2023,19:00,20:30,1.5,M6,m,2
So,19,March,2023,12:00,13:00,1.0,F21,f,1
So,19,March,2023,13:00,14:00,1.0,F34,f,2
So,19,March,2023,15:00,16:00,1.0,F15,f,1
So,19,March,2023,15:00,16:00,1.0,F15,f,2
So,19,March,2023,18:00,19:00,1.0,M9,m,1
So,19,March,2023,18:00,19:00,1.0,M9,m,2
So,19,March,2023,19:00,20:00,1.0,M20,m,1
Mo,20,March,2023,8:30,9:30,1.0,M10,m,2
Mo,20,March,2023,10:00,11:00,1.0,M17,m,1
Mo,20,March,2023,13:00,14:00,1.0,M24,m,2
Mo,20,March,2023,14:30,15:30,1.0,F12,f,1
Mo,20,March,2023,17:00,18:00,1.0,F23,f,1
Mo,20,March,2023,17:00,18:00,1.0,F23,f,2
Mo,20,March,2023,18:00,19:00,1.0,F1,f,2
Mo,20,March,2023,20:30,21:30,1.0,F11,f,1
Mo,20,March,2023,20:30,21:30,1.0,F11,f,2
Mo,20,March,2023,21:30,22:30,1.0,F21,f,1
Di,21,March,2023,10:00,12:00,2.0,M6,m,1
Di,21,March,2023,10:00,12:00,2.0,M6,m,2
Di,21,March,2023,13:00,14:00,1.0,M1,m,2
Di,21,March,2023,16:00,17:00,1.0,M7,m,2
Mi,22,March,2023,9:30,10:30,1.0,F18,f,2
Mi,22,March,2023,12:00,13:00,1.0,F23,f,2
Mi,22,March,2023,19:00,20:00,1.0,U1,u,1
Mi,22,March,2023,20:00,21:00,1.0,M1,m,2
Do,23,March,2023,7:00,10:00,3.0,Putzfrau,f,1
Do,23,March,2023,7:00,10:00,3.0,Putzfrau,f,2
Do,23,March,2023,13:00,14:00,1.0,M33,m,1
Do,23,March,2023,13:00,14:00,1.0,M33,m,2
Do,23,March,2023,14:30,15:30,1.0,F18,f,1
Do,23,March,2023,14:30,15:30,1.0,F18,f,2
Do,23,March,2023,17:45,18:45,1.0,M10,m,2
Fr,24,March,2023,7:30,8:30,1.0,F16,f,1
Fr,24,March,2023,13:00,14:00,1.0,F31,f,1
Fr,24,March,2023,13:00,14:00,1.0,F31,f,2
Fr,24,March,2023,14:00,15:00,1.0,M18,m,1
Fr,24,March,2023,20:00,21:00,1.0,M8,m,1
Sa,25,March,2023,12:45,13:45,1.0,F20,f,1
Sa,25,March,2023,12:45,13:45,1.0,F20,f,2
Sa,25,March,2023,13:45,14:45,1.0,M8,m,1
Sa,25,March,2023,13:45,14:45,1.0,M8,m,2
Sa,25,March,2023,20:00,21:00,1.0,M33,m,1
Sa,25,March,2023,20:00,21:00,1.0,M33,m,2
So,26,March,2023,12:00,13:00,1.0,M16,m,1
So,26,March,2023,13:00,14:00,1.0,F33,f,2
So,26,March,2023,14:45,15:45,1.0,M30,m,1
So,26,March,2023,15:00,16:00,1.0,F2,f,2
Mo,27,March,2023,10:00,11:30,1.5,M6,m,1
Mo,27,March,2023,10:00,11:30,1.5,M6,m,2
Mo,27,March,2023,22:00,23:00,1.0,M28,m,1
Mo,27,March,2023,22:00,23:00,1.0,M28,m,2
Di,28,March,2023,9:00,10:00,1.0,M35,m,1
Di,28,March,2023,15:00,16:00,1.0,F3,f,1
Di,28,March,2023,15:00,16:00,1.0,F3,f,2
Di,28,March,2023,16:00,17:00,1.0,M12,m,2
Di,28,March,2023,18:00,19:00,1.0,M9,m,1
Di,28,March,2023,18:00,19:00,1.0,M9,m,2
Di,28,March,2023,20:45,21:45,1.0,M27,m,1
Di,28,March,2023,20:45,21:45,1.0,M27,m,2
Mi,29,March,2023,23:00,0:00,1.0,M12,m,1
Mi,29,March,2023,23:00,0:00,1.0,M12,m,2
Do,30,March,2023,7:00,10:00,3.0,Putzfrau,f,1
Do,30,March,2023,7:00,10:00,3.0,Putzfrau,f,2
Do,30,March,2023,12:00,13:00,1.0,M7,m,1
Do,30,March,2023,12:00,13:00,1.0,M7,m,2
Do,30,March,2023,14:30,15:30,1.0,M17,m,1
Do,30,March,2023,17:30,18:30,1.0,M19,m,2
Do,30,March,2023,18:45,19:45,1.0,M17,m,1
Fr,31,March,2023,10:30,11:30,1.0,M13,m,1
Fr,31,March,2023,10:30,11:30,1.0,M13,m,2
Fr,31,March,2023,13:30,14:30,1.0,F29,f,2
Fr,31,March,2023,15:30,16:30,1.0,F9,f,1
Fr,31,March,2023,15:30,16:30,1.0,F9,f,2
Fr,31,March,2023,18:00,19:00,1.0,F25,f,1
Fr,31,March,2023,18:00,19:00,1.0,F25,f,2
Fr,31,March,2023,20:00,21:00,1.0,F31,f,1
Fr,31,March,2023,20:00,21:00,1.0,M7,m,2
Fr,31,March,2023,21:00,22:00,1.0,F31,f,1
Sa,1,April,2023,8:30,9:30,1.0,F13,f,2
Sa,1,April,2023,11:00,13:00,2.0,F11,f,1
Sa,1,April,2023,11:00,13:00,2.0,F11,f,2
Sa,1,April,2023,15:00,16:00,1.0,F12,f,1
Sa,1,April,2023,15:00,16:00,1.0,F12,f,2
Sa,1,April,2023,16:00,17:00,1.0,M32,m,1
Sa,1,April,2023,16:00,17:00,1.0,M32,m,2
Sa,1,April,2023,19:30,20:30,1.0,F16,f,1
So,2,April,2023,10:00,11:00,1.0,F15,f,1
So,2,April,2023,10:00,11:00,1.0,F15,f,2
So,2,April,2023,18:15,19:30,1.25,F14,f,1
So,2,April,2023,18:15,19:30,1.25,F14,f,2
Mo,3,April,2023,9:00,10:00,1.0,F19,f,1
Mo,3,April,2023,9:00,10:00,1.0,F19,f,2
Mo,3,April,2023,10:00,11:00,1.0,M13,m,1
Mo,3,April,2023,10:00,11:00,1.0,M13,m,2
Mo,3,April,2023,12:00,13:00,1.0,F26,f,2
Mo,3,April,2023,16:00,17:00,1.0,F34,f,1
Mo,3,April,2023,16:00,17:00,1.0,F34,f,2
Mo,3,April,2023,20:00,21:00,1.0,M19,m,2
Di,4,April,2023,15:00,16:00,1.0,M33,m,1
Di,4,April,2023,15:00,16:00,1.0,M33,m,2
Di,4,April,2023,17:00,18:00,1.0,F23,f,1
Di,4,April,2023,17:00,18:00,1.0,F23,f,2
Di,4,April,2023,18:00,19:00,1.0,F18,f,2
Di,4,April,2023,20:15,21:15,1.0,F25,f,1
Di,4,April,2023,20:15,21:15,1.0,F25,f,2
Mi,5,April,2023,18:30,19:30,1.0,M1,m,2
Mi,5,April,2023,20:00,21:00,1.0,M9,m,1
Mi,5,April,2023,20:00,21:00,1.0,M9,m,2
Mi,5,April,2023,21:00,22:00,1.0,M13,m,1
Mi,5,April,2023,21:00,22:00,1.0,M13,m,2
Do,6,April,2023,7:00,10:00,3.0,Putzfrau,f,1
Do,6,April,2023,7:00,10:00,3.0,Putzfrau,f,2
Do,6,April,2023,10:00,11:00,1.0,F15,f,1
Do,6,April,2023,11:00,12:00,1.0,M24,m,2
Do,6,April,2023,12:00,13:00,1.0,F27,f,1
Do,6,April,2023,12:00,13:00,1.0,F27,f,2
Do,6,April,2023,16:00,17:00,1.0,M14,m,1
Do,6,April,2023,16:15,17:15,1.0,M7,m,2
Fr,7,April,2023,14:00,15:00,1.0,M13,m,1
Fr,7,April,2023,14:00,15:00,1.0,M13,m,2
Fr,7,April,2023,15:00,16:00,1.0,M33,m,1
Sa,8,April,2023,8:30,9:30,1.0,F13,f,1
Sa,8,April,2023,8:30,9:30,1.0,F13,f,2
Sa,8,April,2023,12:00,13:00,1.0,F23,f,1
Sa,8,April,2023,12:00,13:00,1.0,F23,f,2
So,9,April,2023,10:15,11:15,1.0,M36,m,1
So,9,April,2023,10:15,11:15,1.0,M36,m,2
So,9,April,2023,19:30,20:45,1.25,M28,m,1
So,9,April,2023,19:30,20:45,1.25,M28,m,2
Di,11,April,2023,12:00,13:00,1.0,F44,f,1
Di,11,April,2023,12:00,13:00,1.0,F44,f,2
Di,11,April,2023,13:00,14:00,1.0,M9,m,1
Di,11,April,2023,13:00,14:00,1.0,M9,m,2
Di,11,April,2023,14:00,15:00,1.0,M24,m,1
Di,11,April,2023,14:00,15:00,1.0,M24,m,2
Di,11,April,2023,19:00,20:00,1.0,M20,m,1
Di,11,April,2023,19:00,20:00,1.0,M20,m,2
Mi,12,April,2023,10:00,11:00,1.0,M33,m,1
Mi,12,April,2023,10:00,11:00,1.0,M33,m,2
Mi,12,April,2023,11:00,12:00,1.0,F31,f,1
Mi,12,April,2023,13:00,14:00,1.0,F44,f,1
Mi,12,April,2023,13:00,14:00,1.0,F44,f,2
Mi,12,April,2023,14:30,15:30,1.0,M19,m,2
Mi,12,April,2023,17:00,18:00,1.0,M7,m,2
Mi,12,April,2023,18:30,19:30,1.0,F28,f,1
Do,13,April,2023,7:00,10:00,3.0,Putzfrau,f,1
Do,13,April,2023,7:00,10:00,3.0,Putzfrau,f,2
Do,13,April,2023,12:15,13:15,1.0,F36,f,1
Do,13,April,2023,15:30,17:00,1.5,F28,f,1
Do,13,April,2023,15:30,17:00,1.5,F28,f,2
Do,13,April,2023,17:00,18:00,1.0,F19,f,1
Do,13,April,2023,18:00,19:00,1.0,M7,m,2
Do,13,April,2023,19:30,20:30,1.0,M5,m,1
Do,13,April,2023,19:30,20:30,1.0,M5,m,2
Fr,14,April,2023,8:30,9:30,1.0,F31,f,1
Fr,14,April,2023,10:00,11:00,1.0,M9,m,1
Fr,14,April,2023,10:00,11:00,1.0,M9,m,2
Fr,14,April,2023,11:00,12:00,1.0,F24,f,1
Fr,14,April,2023,11:00,12:00,1.0,F24,f,2
Fr,14,April,2023,14:30,16:00,1.5,F11,f,1
Fr,14,April,2023,14:30,16:00,1.5,F11,f,2
Fr,14,April,2023,21:00,22:00,1.0,M21,m,1
Sa,15,April,2023,8:30,9:30,1.0,F13,f,1
Sa,15,April,2023,11:30,12:30,1.0,F16,f,1
Sa,15,April,2023,11:30,12:30,1.0,F16,f,2
Sa,15,April,2023,12:30,13:30,1.0,F29,f,2
Sa,15,April,2023,14:00,15:00,1.0,F21,f,1
Sa,15,April,2023,17:00,18:00,1.0,M20,m,1
So,16,April,2023,12:00,13:00,1.0,M10,m,1
So,16,April,2023,12:00,13:00,1.0,M10,m,2
So,16,April,2023,14:00,15:00,1.0,F25,f,1
So,16,April,2023,14:00,15:00,1.0,F25,f,2
So,16,April,2023,15:00,16:00,1.0,F30,f,1
So,16,April,2023,15:00,16:00,1.0,F30,f,2
So,16,April,2023,16:30,17:30,1.0,M15,m,1
So,16,April,2023,16:30,17:30,1.0,M15,m,2
So,16,April,2023,17:30,18:30,1.0,M7,m,1
So,16,April,2023,17:30,18:30,1.0,M7,m,2
So,16,April,2023,19:00,20:30,1.5,F31,f,1
Mo,17,April,2023,11:30,12:30,1.0,M17,m,1
Mo,17,April,2023,12:30,13:30,1.0,F20,f,1
Mo,17,April,2023,12:30,13:30,1.0,F20,f,2
Mo,17,April,2023,14:30,15:30,1.0,M18,m,1
Mo,17,April,2023,14:30,15:30,1.0,M1,m,2
Mo,17,April,2023,16:00,17:00,1.0,M11,m,1
Mo,17,April,2023,16:00,17:00,1.0,M11,m,2
Mo,17,April,2023,19:00,20:00,1.0,F2,f,2
Mo,17,April,2023,21:00,22:00,1.0,F9,f,1
Mo,17,April,2023,21:00,22:00,1.0,F9,f,2
Di,18,April,2023,7:00,8:00,1.0,M2,m,1
Di,18,April,2023,11:00,12:00,1.0,F16,f,1
Di,18,April,2023,13:00,14:00,1.0,F44,f,1
Di,18,April,2023,13:00,14:00,1.0,F44,f,2
Di,18,April,2023,18:30,19:30,1.0,F30,f,2
Di,18,April,2023,20:00,21:00,1.0,M2,m,1
Mi,19,April,2023,10:30,12:00,1.5,F18,f,1
Mi,19,April,2023,10:30,11:30,1.0,F18,f,2
Mi,19,April,2023,14:00,15:00,1.0,M21,m,1
Mi,19,April,2023,15:00,16:30,1.5,M20,m,1
Mi,19,April,2023,15:00,16:30,1.5,M20,m,2
Mi,19,April,2023,16:30,17:30,1.0,F45,f,1
Do,20,April,2023,7:00,10:00,3.0,Putzfrau,f,1
Do,20,April,2023,7:00,10:00,3.0,Putzfrau,f,2
Do,20,April,2023,11:00,12:00,1.0,F34,f,1
Do,20,April,2023,11:00,12:00,1.0,F34,f,2
Do,20,April,2023,12:00,13:00,1.0,F22,f,2
Do,20,April,2023,18:00,19:30,1.5,F11,f,1
Do,20,April,2023,18:00,19:30,1.5,F11,f,2
Do,20,April,2023,20:30,21:30,1.0,F12,f,1
Do,20,April,2023,21:00,22:00,1.0,M7,m,2
Fr,21,April,2023,11:15,13:15,2.0,M37,m,1
Fr,21,April,2023,14:00,15:00,1.0,F21,f,2
Fr,21,April,2023,16:00,17:00,1.0,F29,f,2
Fr,21,April,2023,19:00,20:00,1.0,M3,m,1
Fr,21,April,2023,19:00,20:30,1.5,M30,m,2
Sa,22,April,2023,10:00,11:00,1.0,M9,m,1
Sa,22,April,2023,10:00,11:00,1.0,M9,m,2
Sa,22,April,2023,11:15,12:15,1.0,M36,m,1
Sa,22,April,2023,11:15,12:15,1.0,M36,m,2
Sa,22,April,2023,13:00,14:00,1.0,M19,m,1
Sa,22,April,2023,13:00,14:00,1.0,M19,m,2
Sa,22,April,2023,16:30,17:30,1.0,F3,f,1
Sa,22,April,2023,16:30,17:30,1.0,M7,m,2
So,23,April,2023,9:00,10:00,1.0,F15,f,1
So,23,April,2023,9:00,10:00,1.0,F15,f,2
So,23,April,2023,10:00,11:00,1.0,M16,m,1
So,23,April,2023,10:00,11:00,1.0,M16,m,2
So,23,April,2023,13:00,14:00,1.0,F23,f,2
So,23,April,2023,14:00,15:00,1.0,M33,m,1
So,23,April,2023,14:00,15:00,1.0,M33,m,2
So,23,April,2023,17:45,18:45,1.0,F27,f,1
So,23,April,2023,17:45,18:45,1.0,F27,f,2
So,23,April,2023,19:00,20:00,1.0,F27,f,1
So,23,April,2023,19:00,20:00,1.0,F21,f,2
So,23,April,2023,20:15,21:15,1.0,M3,m,1
So,23,April,2023,20:15,21:15,1.0,M3,m,2
So,23,April,2023,21:15,22:15,1.0,F14,f,1
So,23,April,2023,21:15,22:15,1.0,F14,f,2
Mo,24,April,2023,9:00,10:00,1.0,M32,m,1
Mo,24,April,2023,9:00,10:00,1.0,M32,m,2
Mo,24,April,2023,10:30,11:30,1.0,M17,m,1
Mo,24,April,2023,21:30,22:30,1.0,M13,m,1
Mo,24,April,2023,21:30,22:30,1.0,M13,m,2
Di,25,April,2023,11:00,12:00,1.0,F46,f,1
Di,25,April,2023,11:00,12:00,1.0,F46,f,2
Di,25,April,2023,12:30,13:30,1.0,F8,f,1
Mi,26,April,2023,8:45,9:45,1.0,M2,m,1
Mi,26,April,2023,10:00,11:00,1.0,F13,f,2
Mi,26,April,2023,17:30,18:30,1.0,M35,m,2
Mi,26,April,2023,18:30,19:30,1.0,M19,m,2
Mi,26,April,2023,19:00,20:00,1.0,M14,m,1
Mi,26,April,2023,20:00,21:00,1.0,F11,f,1
Mi,26,April,2023,20:00,21:00,1.0,F11,f,2
Do,27,April,2023,7:00,10:00,3.0,Putzfrau,f,1
Do,27,April,2023,7:00,10:00,3.0,Putzfrau,f,2
Do,27,April,2023,15:00,16:00,1.0,F43,f,1
Do,27,April,2023,17:30,18:30,1.0,F1,f,1
Do,27,April,2023,17:30,18:30,1.0,F1,f,2
Do,27,April,2023,18:30,19:30,1.0,F24,f,1
Do,27,April,2023,18:30,19:30,1.0,F24,f,2
Do,27,April,2023,19:30,20:30,1.0,M9,m,1
Fr,28,April,2023,9:45,10:45,1.0,F32,f,1
Fr,28,April,2023,13:30,15:00,1.5,F9,f,1
Fr,28,April,2023,13:30,15:00,1.5,F9,f,2
Fr,28,April,2023,15:00,16:00,1.0,M33,m,1
Fr,28,April,2023,16:15,17:15,1.0,F34,f,1
Fr,28,April,2023,18:00,19:00,1.0,M11,m,1
Fr,28,April,2023,20:00,21:00,1.0,F36,f,1
Fr,28,April,2023,20:00,21:00,1.0,F36,f,2
Sa,29,April,2023,7:30,8:30,1.0,F16,f,1
Sa,29,April,2023,10:00,11:00,1.0,F12,f,1
Sa,29,April,2023,15:30,16:30,1.0,F2,f,2
Sa,29,April,2023,20:30,21:30,1.0,F15,f,1
Sa,29,April,2023,20:30,21:30,1.0,F15,f,2
So,30,April,2023,10:00,11:00,1.0,M20,m,1
So,30,April,2023,10:00,11:00,1.0,M20,m,2
So,30,April,2023,11:30,12:30,1.0,M5,m,1
So,30,April,2023,13:00,14:00,1.0,F23,f,1
So,30,April,2023,13:00,14:00,1.0,F23,f,2
So,30,April,2023,14:00,15:00,1.0,M7,m,2
So,30,April,2023,15:30,16:30,1.0,M19,m,1
So,30,April,2023,15:30,16:30,1.0,M19,m,2
Mo,1,May,2023,16:00,17:00,1.0,F25,f,1
Mo,1,May,2023,16:00,17:00,1.0,F25,f,2
Mo,1,May,2023,17:00,18:00,1.0,M16,m,1
Mo,1,May,2023,17:00,18:00,1.0,M16,m,2
Mo,1,May,2023,18:00,19:00,1.0,F45,f,1
Mo,1,May,2023,18:00,19:00,1.0,F45,f,2
Mo,1,May,2023,20:00,21:00,1.0,M33,m,1
Mo,1,May,2023,20:00,21:00,1.0,M33,m,2
Mo,1,May,2023,22:00,23:00,1.0,M2,m,1
Mo,1,May,2023,22:00,23:00,1.0,M2,m,2
Mo,1,May,2023,23:00,0:00,1.0,M14,m,1
Di,2,May,2023,8:15,9:15,1.0,M19,m,2
Di,2,May,2023,16:00,17:00,1.0,F36,f,1
Di,2,May,2023,16:00,17:00,1.0,F36,f,2
Di,2,May,2023,17:00,18:00,1.0,F37,f,1
Di,2,May,2023,20:00,21:00,1.0,M15,m,1
Di,2,May,2023,20:00,21:00,1.0,M15,m,2
Di,2,May,2023,21:30,22:30,1.0,M7,m,1
Di,2,May,2023,21:30,22:30,1.0,M7,m,2
Mi,3,May,2023,10:00,11:00,1.0,M13,m,1
Mi,3,May,2023,10:00,11:00,1.0,M13,m,2
Mi,3,May,2023,17:30,18:30,1.0,M9,m,1
Mi,3,May,2023,17:30,18:30,1.0,M9,m,2
Mi,3,May,2023,23:00,0:00,1.0,F41,f,1
Mi,3,May,2023,23:00,0:00,1.0,F41,f,2
Do,4,May,2023,7:00,10:00,3.0,Putzfrau,f,1
Do,4,May,2023,7:00,10:00,3.0,Putzfrau,f,2
Do,4,May,2023,11:00,12:00,1.0,F24,f,2
Do,4,May,2023,14:30,15:30,1.0,F31,f,2
Do,4,May,2023,16:00,17:00,1.0,M17,m,1
Do,4,May,2023,16:15,17:15,1.0,M17,m,2
Do,4,May,2023,17:30,18:30,1.0,M1,m,1
Do,4,May,2023,20:00,21:00,1.0,M30,m,2
Fr,5,May,2023,9:00,10:00,1.0,F47,f,1
Fr,5,May,2023,9:00,10:00,1.0,F47,f,2
Fr,5,May,2023,10:00,11:00,1.0,F17,f,1
Fr,5,May,2023,10:30,11:30,1.0,M13,m,2
Fr,5,May,2023,11:00,12:00,1.0,F45,f,1
Fr,5,May,2023,12:15,13:15,1.0,F26,f,2
Fr,5,May,2023,14:00,15:00,1.0,F43,f,1
Fr,5,May,2023,15:00,16:00,1.0,F20,f,1
Fr,5,May,2023,15:00,16:00,1.0,F20,f,2
Fr,5,May,2023,17:45,18:45,1.0,F27,f,1
Fr,5,May,2023,19:00,20:00,1.0,M28,m,1
Fr,5,May,2023,19:00,20:00,1.0,M28,m,2
Fr,5,May,2023,21:00,22:00,1.0,M7,m,1
Fr,5,May,2023,21:00,22:00,1.0,M7,m,2
Sa,6,May,2023,8:30,9:30,1.0,F13,f,2
Sa,6,May,2023,9:00,10:00,1.0,F33,f,1
Sa,6,May,2023,12:00,13:00,1.0,F29,f,2
Sa,6,May,2023,14:00,15:00,1.0,F22,f,2
Sa,6,May,2023,14:45,15:45,1.0,F15,f,1
Sa,6,May,2023,15:00,16:00,1.0,F31,f,2
Sa,6,May,2023,16:30,17:30,1.0,F43,f,2
Sa,6,May,2023,18:00,19:00,1.0,F44,f,1
So,7,May,2023,10:00,11:00,1.0,F16,f,1
So,7,May,2023,13:30,14:30,1.0,M14,m,1
So,7,May,2023,13:30,14:30,1.0,M14,m,2
So,7,May,2023,15:00,16:00,1.0,M24,m,1
So,7,May,2023,15:00,16:00,1.0,M24,m,2
So,7,May,2023,16:15,17:15,1.0,F25,f,1
So,7,May,2023,16:15,17:15,1.0,F25,f,2
So,7,May,2023,17:30,18:30,1.0,F8,f,1
Mo,8,May,2023,10:45,11:45,1.0,M18,m,1
Mo,8,May,2023,14:30,15:30,1.0,F43,f,2
Mo,8,May,2023,16:00,17:00,1.0,F23,f,1
Mo,8,May,2023,16:00,17:00,1.0,F23,f,2
Mo,8,May,2023,20:00,21:00,1.0,F35,f,1
Mo,8,May,2023,20:00,21:00,1.0,F35,f,2
Mo,8,May,2023,21:00,22:00,1.0,F46,f,1
Mo,8,May,2023,21:00,22:00,1.0,F27,f,2
Di,9,May,2023,11:00,12:00,1.0,M33,m,1
Di,9,May,2023,11:00,12:00,1.0,M33,m,2
Di,9,May,2023,15:00,16:00,1.0,F36,f,1
Di,9,May,2023,15:00,16:00,1.0,F36,f,2
Di,9,May,2023,19:00,20:00,1.0,F31,f,1
Mi,10,May,2023,14:00,15:00,1.0,F26,f,2
Mi,10,May,2023,16:30,17:30,1.0,M7,m,1
Mi,10,May,2023,16:30,17:30,1.0,M7,m,2
Mi,10,May,2023,18:30,19:30,1.0,F9,f,1
Mi,10,May,2023,18:30,19:30,1.0,F9,f,2
Mi,10,May,2023,19:30,20:30,1.0,M3,m,1
Mi,10,May,2023,19:30,20:30,1.0,M3,m,2
Mi,10,May,2023,20:30,22:00,1.5,F11,f,1
Mi,10,May,2023,20:30,22:00,1.5,F11,f,2
Mi,10,May,2023,22:00,23:00,1.0,F42,f,2
Mi,10,May,2023,23:00,0:00,1.0,M2,m,1
Do,11,May,2023,7:00,10:00,3.0,Putzfrau,f,1
Do,11,May,2023,7:00,10:00,3.0,Putzfrau,f,2
Do,11,May,2023,10:00,11:00,1.0,F18,f,1
Do,11,May,2023,10:00,11:00,1.0,F18,f,2
Do,11,May,2023,11:00,12:00,1.0,M20,m,1
Do,11,May,2023,11:00,12:00,1.0,M20,m,2
Do,11,May,2023,12:30,13:30,1.0,M5,m,1
Do,11,May,2023,13:00,14:00,1.0,M29,m,2
Do,11,May,2023,14:00,15:00,1.0,F48,f,1
Do,11,May,2023,15:30,16:30,1.0,F42,f,2
Do,11,May,2023,17:30,18:30,1.0,M9,m,1
Do,11,May,2023,17:30,18:30,1.0,M9,m,2
Do,11,May,2023,18:30,19:30,1.0,M11,m,1
Do,11,May,2023,20:00,21:00,1.0,F12,f,1
Do,11,May,2023,20:15,21:15,1.0,M38,m,2
Fr,12,May,2023,17:00,18:00,1.0,F31,f,1
Fr,12,May,2023,18:45,19:45,1.0,F18,f,2
Sa,13,May,2023,7:30,9:00,1.5,F15,f,1
Sa,13,May,2023,7:30,9:00,1.5,F15,f,2
Sa,13,May,2023,13:00,14:00,1.0,M33,m,1
Sa,13,May,2023,13:00,14:00,1.0,M33,m,2
Sa,13,May,2023,16:00,17:00,1.0,F2,f,2
Sa,13,May,2023,19:00,20:00,1.0,F16,f,1
So,14,May,2023,8:30,10:00,1.5,M16,m,1
So,14,May,2023,8:30,10:00,1.5,M16,m,2
So,14,May,2023,11:00,12:00,1.0,F2,f,2
So,14,May,2023,13:00,14:00,1.0,F23,f,1
So,14,May,2023,13:00,14:00,1.0,F23,f,2
So,14,May,2023,14:00,15:30,1.5,F31,f,1
So,14,May,2023,19:00,20:00,1.0,M15,m,1
So,14,May,2023,19:00,20:00,1.0,M15,m,2
So,14,May,2023,22:30,23:30,1.0,M7,m,2
Mo,15,May,2023,9:00,10:00,1.0,F32,f,1
Mo,15,May,2023,10:30,11:30,1.0,M17,m,1
Mo,15,May,2023,16:45,17:45,1.0,M19,m,2
Mo,15,May,2023,18:00,19:00,1.0,F29,f,1
Mo,15,May,2023,18:30,19:30,1.0,F21,f,2
Di,16,May,2023,9:30,10:30,1.0,F37,f,2
Di,16,May,2023,10:00,11:00,1.0,M29,m,1
Di,16,May,2023,15:40,16:40,1.0,M14,m,1
Di,16,May,2023,16:00,17:00,1.0,F19,f,2
Di,16,May,2023,17:00,18:00,1.0,F27,f,2
Di,16,May,2023,21:00,22:00,1.0,F21,f,2
Di,16,May,2023,21:30,22:30,1.0,F45,f,1
Di,16,May,2023,22:30,23:30,1.0,M7,m,1
Di,16,May,2023,22:30,23:30,1.0,M7,m,2
Mi,17,May,2023,13:00,14:00,1.0,F43,f,1
Mi,17,May,2023,13:30,14:30,1.0,M10,m,2
Mi,17,May,2023,14:00,15:00,1.0,M1,m,1
Mi,17,May,2023,15:00,16:00,1.0,F43,f,1
Mi,17,May,2023,20:00,21:00,1.0,F44,f,1
Mi,17,May,2023,20:30,21:30,1.0,F43,f,2
Do,18,May,2023,7:00,10:00,3.0,Putzfrau,f,1
Do,18,May,2023,7:00,10:00,3.0,Putzfrau,f,2
Do,18,May,2023,10:30,11:30,1.0,F40,f,1
Do,18,May,2023,10:30,11:30,1.0,F40,f,2
Do,18,May,2023,13:00,14:00,1.0,F34,f,1
Do,18,May,2023,13:00,14:00,1.0,F34,f,2
Do,18,May,2023,15:00,16:00,1.0,F38,f,1
Do,18,May,2023,15:00,16:00,1.0,F38,f,2
Do,18,May,2023,17:00,18:00,1.0,M33,m,1
Do,18,May,2023,17:00,18:00,1.0,M33,m,2
Do,18,May,2023,18:30,19:30,1.0,F47,f,1
Fr,19,May,2023,9:30,11:00,1.5,F1,f,1
Fr,19,May,2023,9:30,11:00,1.5,F1,f,2
Fr,19,May,2023,19:30,20:30,1.0,F42,f,1
Fr,19,May,2023,23:00,0:00,1.0,F33,f,1
Sa,20,May,2023,10:00,11:00,1.0,M28,m,1
Sa,20,May,2023,10:00,11:00,1.0,M28,m,2
Sa,20,May,2023,11:00,12:00,1.0,F13,f,1
Sa,20,May,2023,11:00,12:00,1.0,F13,f,2
Sa,20,May,2023,13:00,14:00,1.0,M2,m,1
Sa,20,May,2023,17:00,18:30,1.5,F35,f,1
Sa,20,May,2023,17:00,18:30,1.5,F35,f,2
Sa,20,May,2023,18:30,19:30,1.0,M32,m,1
Sa,20,May,2023,18:30,19:30,1.0,M32,m,2
Sa,20,May,2023,23:00,0:00,1.0,M2,m,1
So,21,May,2023,10:00,11:00,1.0,M7,m,1
So,21,May,2023,10:00,11:00,1.0,M7,m,2
So,21,May,2023,11:00,12:00,1.0,M9,m,1
So,21,May,2023,11:00,12:00,1.0,M9,m,2
So,21,May,2023,12:00,14:00,2.0,F36,f,1
So,21,May,2023,12:00,14:00,2.0,F36,f,2
So,21,May,2023,14:00,15:00,1.0,F3,f,1
So,21,May,2023,14:00,15:00,1.0,F3,f,2
So,21,May,2023,15:00,16:00,1.0,F31,f,1
So,21,May,2023,17:45,18:45,1.0,F2,f,2
So,21,May,2023,18:45,19:45,1.0,M15,m,1
So,21,May,2023,18:45,19:45,1.0,M15,m,2
So,21,May,2023,20:00,21:00,1.0,F46,f,1
So,21,May,2023,20:00,21:00,1.0,F46,f,2
Mo,22,May,2023,8:30,9:30,1.0,F29,f,2
Mo,22,May,2023,9:00,10:00,1.0,F16,f,1
Mo,22,May,2023,10:00,11:00,1.0,F24,f,1
Mo,22,May,2023,10:00,11:00,1.0,F24,f,2
Mo,22,May,2023,13:00,14:00,1.0,F19,f,2
Mo,22,May,2023,18:30,19:30,1.0,M1,m,2
Mo,22,May,2023,19:30,20:30,1.0,F43,f,1
Di,23,May,2023,9:00,10:00,1.0,M36,m,1
Di,23,May,2023,9:00,10:00,1.0,M36,m,2
Di,23,May,2023,10:00,11:00,1.0,F23,f,1
Di,23,May,2023,10:00,11:00,1.0,F23,f,2
Di,23,May,2023,15:15,16:15,1.0,M11,m,1
Di,23,May,2023,15:15,16:15,1.0,M11,m,2
Di,23,May,2023,17:00,18:00,1.0,F8,f,1
Di,23,May,2023,17:00,18:00,1.0,F45,f,2
Di,23,May,2023,18:00,19:00,1.0,M5,m,1
Di,23,May,2023,18:00,19:00,1.0,M5,m,2
Di,23,May,2023,20:00,21:00,1.0,F43,f,1
Di,23,May,2023,21:00,22:00,1.0,F42,f,1
Mi,24,May,2023,16:30,17:30,1.0,F20,f,1
Mi,24,May,2023,16:30,17:30,1.0,F20,f,2
Mi,24,May,2023,18:00,19:00,1.0,M13,m,1
Mi,24,May,2023,18:00,19:00,1.0,M13,m,2
Mi,24,May,2023,19:00,20:00,1.0,F20,f,1
Mi,24,May,2023,19:00,20:00,1.0,F20,f,2
Mi,24,May,2023,20:00,21:00,1.0,F20,f,2
Mi,24,May,2023,22:00,23:00,1.0,M7,m,1
Do,25,May,2023,7:00,10:00,3.0,Putzfrau,f,1
Do,25,May,2023,7:00,10:00,3.0,Putzfrau,f,2
Do,25,May,2023,12:30,13:30,1.0,F27,f,1
Do,25,May,2023,12:30,13:30,1.0,F27,f,2
Do,25,May,2023,13:30,14:30,1.0,M2,m,1
Do,25,May,2023,14:30,15:30,1.0,M17,m,1
Do,25,May,2023,14:30,15:30,1.0,F44,f,2
Do,25,May,2023,16:00,17:00,1.0,F11,f,1
Do,25,May,2023,16:00,17:00,1.0,F11,f,2
Do,25,May,2023,17:00,18:00,1.0,M16,m,1
Do,25,May,2023,17:00,18:00,1.0,M16,m,2
Do,25,May,2023,19:00,20:00,1.0,F12,f,1
Fr,26,May,2023,16:45,17:45,1.0,M14,m,1
Fr,26,May,2023,16:45,17:45,1.0,M14,m,2
Fr,26,May,2023,18:00,19:00,1.0,F47,f,1
Fr,26,May,2023,18:00,19:00,1.0,F47,f,2
Fr,26,May,2023,20:00,21:00,1.0,M30,m,1
Fr,26,May,2023,20:00,21:00,1.0,M30,m,2
Sa,27,May,2023,13:30,14:30,1.0,F31,f,1
Sa,27,May,2023,13:30,14:30,1.0,F31,f,2
Sa,27,May,2023,17:00,18:00,1.0,M7,m,2
Sa,27,May,2023,21:00,22:00,1.0,F15,f,1
Sa,27,May,2023,21:00,22:00,1.0,F15,f,2
So,28,May,2023,19:00,20:00,1.0,F23,f,2
Mo,29,May,2023,7:00,8:00,1.0,M33,m,1
Mo,29,May,2023,7:00,8:00,1.0,M33,m,2
Mo,29,May,2023,10:00,11:00,1.0,M9,m,1
Mo,29,May,2023,10:00,11:00,1.0,M9,m,2
Mo,29,May,2023,11:00,12:00,1.0,F25,f,1
Mo,29,May,2023,11:00,12:00,1.0,F25,f,2
Mo,29,May,2023,12:00,13:00,1.0,F15,f,1
Mo,29,May,2023,12:00,13:00,1.0,F15,f,2
Mo,29,May,2023,13:00,14:00,1.0,F25,f,2
Mo,29,May,2023,14:00,15:00,1.0,M7,m,1
Mo,29,May,2023,14:00,15:00,1.0,M7,m,2
Mo,29,May,2023,15:00,17:00,2.0,F36,f,1
Mo,29,May,2023,15:00,17:00,2.0,F36,f,2
Di,30,May,2023,16:00,16:45,0.75,F9,f,1
Di,30,May,2023,16:00,16:45,0.75,F9,f,2
Mi,31,May,2023,16:00,17:00,1.0,F33,f,1
Do,1,June,2023,7:00,10:00,3.0,Putzfrau,f,1
Do,1,June,2023,7:00,10:00,3.0,Putzfrau,f,2
Do,1,June,2023,12:00,13:00,1.0,F42,f,1
Fr,2,June,2023,8:30,9:30,1.0,M16,m,1
Fr,2,June,2023,8:30,9:30,1.0,M16,m,2
Fr,2,June,2023,11:30,12:30,1.0,M17,m,1
Fr,2,June,2023,11:30,12:30,1.0,M17,m,2
Fr,2,June,2023,12:30,13:30,1.0,F40,f,1
Fr,2,June,2023,12:30,13:30,1.0,F40,f,2
Fr,2,June,2023,20:15,21:15,1.0,F14,f,1
Fr,2,June,2023,20:15,21:15,1.0,F14,f,2
Sa,3,June,2023,8:00,9:00,1.0,F34,f,1
Sa,3,June,2023,8:00,9:00,1.0,F34,f,2
Sa,3,June,2023,10:30,11:30,1.0,M28,m,1
Sa,3,June,2023,10:30,11:30,1.0,M28,m,2
Sa,3,June,2023,14:00,15:00,1.0,F4,f,2
Sa,3,June,2023,15:00,16:00,1.0,F28,f,1
Sa,3,June,2023,19:00,20:00,1.0,F19,f,2
So,4,June,2023,0:00,1:00,1.0,F31,f,1
So,4,June,2023,14:30,15:30,1.0,M16,m,1
So,4,June,2023,14:30,15:30,1.0,M16,m,2
So,4,June,2023,15:45,16:45,1.0,F33,f,1
So,4,June,2023,22:30,23:30,1.0,M7,m,2
So,4,June,2023,23:00,0:00,1.0,F31,f,1
Mo,5,June,2023,8:00,9:00,1.0,F42,f,1
Mo,5,June,2023,11:00,12:00,1.0,F1,f,1
Mo,5,June,2023,11:00,12:00,1.0,F1,f,2
Mo,5,June,2023,13:00,14:00,1.0,M33,m,1
Mo,5,June,2023,13:00,14:00,1.0,M33,m,2
Mo,5,June,2023,15:00,16:00,1.0,F13,f,1
Mo,5,June,2023,15:00,16:00,1.0,F13,f,2
Mo,5,June,2023,16:30,17:30,1.0,F3,f,1
Mo,5,June,2023,16:30,17:30,1.0,F3,f,2
Mo,5,June,2023,17:30,18:30,1.0,F20,f,1
Mo,5,June,2023,17:30,18:30,1.0,F20,f,2
Mo,5,June,2023,18:30,19:30,1.0,F29,f,2
Mo,5,June,2023,20:00,21:00,1.0,F43,f,1
Mo,5,June,2023,21:00,22:00,1.0,M13,m,1
Mo,5,June,2023,21:00,22:00,1.0,M13,m,2
Mo,5,June,2023,22:30,23:30,1.0,M15,m,1
Mo,5,June,2023,22:30,23:30,1.0,M15,m,2
Di,6,June,2023,8:30,9:30,1.0,M18,m,1
Di,6,June,2023,10:30,11:30,1.0,F32,f,1
Di,6,June,2023,10:30,11:30,1.0,F32,f,2
Di,6,June,2023,13:00,14:00,1.0,F31,f,1
Di,6,June,2023,14:00,15:00,1.0,M22,m,1
Di,6,June,2023,14:00,15:00,1.0,M22,m,2
Di,6,June,2023,15:00,16:00,1.0,F47,f,2
Di,6,June,2023,16:00,17:00,1.0,M33,m,1
Di,6,June,2023,18:30,19:30,1.0,F2,f,2
Di,6,June,2023,19:30,20:30,1.0,M3,m,1
Mi,7,June,2023,11:00,13:00,2.0,F30,f,1
Mi,7,June,2023,11:00,13:00,2.0,F30,f,2
Mi,7,June,2023,13:00,14:00,1.0,F12,f,1
Mi,7,June,2023,13:00,14:00,1.0,M19,m,2
Mi,7,June,2023,14:00,15:00,1.0,F48,f,1
Mi,7,June,2023,14:00,15:00,1.0,F48,f,2
Mi,7,June,2023,15:00,16:00,1.0,M14,m,1
Mi,7,June,2023,15:00,16:00,1.0,M14,m,2
Mi,7,June,2023,16:00,17:00,1.0,M5,m,1
Mi,7,June,2023,16:00,17:00,1.0,M5,m,2
Mi,7,June,2023,17:30,18:30,1.0,F47,f,1
Mi,7,June,2023,20:00,21:00,1.0,F33,f,1
Do,8,June,2023,7:00,10:00,3.0,Putzfrau,f,1
Do,8,June,2023,7:00,10:00,3.0,Putzfrau,f,2
Do,8,June,2023,12:00,13:00,1.0,F16,f,1
Do,8,June,2023,12:00,13:00,1.0,F16,f,2
Do,8,June,2023,14:00,15:00,1.0,M1,m,2
Do,8,June,2023,16:35,17:35,1.0,M32,m,1
Do,8,June,2023,16:35,17:35,1.0,M32,m,2
Do,8,June,2023,18:00,19:00,1.0,M19,m,2
Do,8,June,2023,20:30,21:30,1.0,M36,m,1
Do,8,June,2023,20:30,21:30,1.0,M36,m,2
Fr,9,June,2023,12:00,13:00,1.0,F44,f,1
Fr,9,June,2023,12:00,13:00,1.0,F44,f,2
Fr,9,June,2023,14:00,15:00,1.0,M33,m,1
Fr,9,June,2023,14:00,15:00,1.0,M33,m,2
Fr,9,June,2023,20:00,21:00,1.0,F45,f,1
Fr,9,June,2023,20:00,21:00,1.0,F45,f,2
Fr,9,June,2023,22:00,23:00,1.0,F15,f,1
Fr,9,June,2023,22:00,23:00,1.0,F15,f,2
Sa,10,June,2023,12:45,13:45,1.0,F42,f,1
Sa,10,June,2023,16:15,17:15,1.0,M7,m,2
Sa,10,June,2023,19:00,20:00,1.0,F9,f,1
Sa,10,June,2023,19:00,20:00,1.0,F9,f,2
So,11,June,2023,18:45,19:45,1.0,F27,f,1
So,11,June,2023,18:45,19:45,1.0,F27,f,2
So,11,June,2023,20:30,21:30,1.0,F41,f,1
So,11,June,2023,20:30,21:30,1.0,F41,f,2
Mo,12,June,2023,9:30,10:30,1.0,M17,m,1
Mo,12,June,2023,9:30,10:30,1.0,M17,m,2
Mo,12,June,2023,12:00,14:00,2.0,M20,m,1
Mo,12,June,2023,12:00,14:00,2.0,M20,m,2
Mo,12,June,2023,15:00,16:00,1.0,F23,f,1
Mo,12,June,2023,15:00,16:00,1.0,F23,f,2
Mo,12,June,2023,16:00,17:00,1.0,F16,f,1
Mo,12,June,2023,17:15,18:15,1.0,M28,m,1
Mo,12,June,2023,17:30,18:30,1.0,F39,f,2
Mo,12,June,2023,19:00,20:00,1.0,F34,f,1
Mo,12,June,2023,19:00,20:00,1.0,F34,f,2
Mo,12,June,2023,20:30,21:30,1.0,M7,m,1
Mo,12,June,2023,20:30,21:30,1.0,M7,m,2
Di,13,June,2023,8:30,9:30,1.0,F37,f,2
Di,13,June,2023,10:15,11:15,1.0,F46,f,1
Di,13,June,2023,21:00,22:00,1.0,F42,f,1
Mi,14,June,2023,17:00,18:00,1.0,F8,f,1
Mi,14,June,2023,17:00,18:00,1.0,F8,f,2
Mi,14,June,2023,18:00,19:00,1.0,M11,m,1
Mi,14,June,2023,18:00,19:00,1.0,M11,m,2
Mi,14,June,2023,19:00,20:00,1.0,F23,f,1
Mi,14,June,2023,19:00,20:00,1.0,F23,f,2
Do,15,June,2023,7:00,10:00,3.0,Putzfrau,f,1
Do,15,June,2023,7:00,10:00,3.0,Putzfrau,f,2
Do,15,June,2023,10:00,11:00,1.0,F2,f,2
Do,15,June,2023,14:00,15:00,1.0,F47,f,1
Do,15,June,2023,15:30,16:30,1.0,M5,m,1
Do,15,June,2023,18:00,19:00,1.0,M10,m,1
Do,15,June,2023,18:00,19:00,1.0,M10,m,2
Do,15,June,2023,19:30,20:30,1.0,M7,m,2
Do,15,June,2023,20:30,21:30,1.0,M15,m,1
Fr,16,June,2023,8:30,9:30,1.0,F17,f,1
Fr,16,June,2023,8:30,9:30,1.0,F17,f,2
Fr,16,June,2023,9:30,10:30,1.0,F20,f,1
Fr,16,June,2023,9:30,10:30,1.0,F20,f,2
Fr,16,June,2023,10:30,11:30,1.0,F24,f,2
Sa,17,June,2023,11:00,12:00,1.0,M33,m,1
Sa,17,June,2023,11:00,12:00,1.0,M33,m,2
Sa,17,June,2023,15:00,16:00,1.0,F19,f,2
Sa,17,June,2023,16:00,17:00,1.0,M3,m,1
Sa,17,June,2023,16:00,17:00,1.0,M3,m,2
Sa,17,June,2023,17:00,18:00,1.0,M3,m,1
Sa,17,June,2023,17:00,18:00,1.0,M7,m,2
Sa,17,June,2023,18:00,19:30,1.5,M27,m,1
Sa,17,June,2023,18:00,19:30,1.5,M27,m,2
Sa,17,June,2023,19:30,20:30,1.0,F21,f,1
So,18,June,2023,10:30,11:30,1.0,F33,f,1
So,18,June,2023,15:00,16:00,1.0,M16,m,1
So,18,June,2023,18:00,19:00,1.0,F14,f,1
So,18,June,2023,18:00,19:00,1.0,F14,f,2
Mo,19,June,2023,9:00,10:00,1.0,F16,f,1
Mo,19,June,2023,10:00,11:00,1.0,M13,m,1
Mo,19,June,2023,10:00,11:00,1.0,M13,m,2
Mo,19,June,2023,11:00,12:00,1.0,F2,f,2
Mo,19,June,2023,14:50,15:50,1.0,F35,f,1
Mo,19,June,2023,15:30,16:30,1.0,M1,m,2
Mo,19,June,2023,19:30,20:30,1.0,M7,m,1
Mo,19,June,2023,19:30,20:30,1.0,M7,m,2
Di,20,June,2023,9:15,10:15,1.0,F46,f,1
Di,20,June,2023,9:15,10:15,1.0,F46,f,2
Di,20,June,2023,11:00,12:00,1.0,M24,m,1
Di,20,June,2023,16:30,17:30,1.0,F15,f,1
Di,20,June,2023,16:30,17:30,1.0,F15,f,2
Di,20,June,2023,20:00,21:30,1.5,F30,f,1
Di,20,June,2023,20:00,21:30,1.5,F30,f,2
Di,20,June,2023,21:30,22:30,1.0,M30,m,1
Mi,21,June,2023,12:45,13:45,1.0,M2,m,1
Mi,21,June,2023,12:45,13:45,1.0,M2,m,2
Mi,21,June,2023,17:00,18:00,1.0,F23,f,1
Mi,21,June,2023,17:00,18:00,1.0,F23,f,2
Mi,21,June,2023,18:00,19:00,1.0,F12,f,1
Mi,21,June,2023,19:00,20:00,1.0,M17,m,1
Mi,21,June,2023,20:00,21:00,1.0,M13,m,1
Mi,21,June,2023,20:00,21:00,1.0,M13,m,2
Mi,21,June,2023,23:00,0:00,1.0,M15,m,1
Mi,21,June,2023,23:00,0:00,1.0,M15,m,2
Do,22,June,2023,7:00,10:00,3.0,Putzfrau,f,1
Do,22,June,2023,7:00,10:00,3.0,Putzfrau,f,2
Do,22,June,2023,10:30,11:30,1.0,M29,m,2
Do,22,June,2023,12:30,13:30,1.0,M24,m,2
Do,22,June,2023,14:00,15:00,1.0,F49,f,1
Do,22,June,2023,17:30,18:30,1.0,M20,m,1
Do,22,June,2023,17:30,18:30,1.0,M20,m,2
Do,22,June,2023,19:00,20:00,1.0,M5,m,1
Do,22,June,2023,20:15,21:30,1.25,F4,f,1
Do,22,June,2023,20:15,21:30,1.25,F4,f,2
Do,22,June,2023,21:30,22:30,1.0,F44,f,1
Do,22,June,2023,21:30,22:30,1.0,F44,f,2
Do,22,June,2023,22:30,23:30,1.0,M5,m,1
Fr,23,June,2023,11:00,12:00,1.0,F47,f,1
Fr,23,June,2023,11:00,12:00,1.0,F47,f,2
Fr,23,June,2023,14:00,15:30,1.5,M16,m,1
Fr,23,June,2023,14:00,15:30,1.5,M16,m,2
Fr,23,June,2023,15:30,16:30,1.0,F29,f,2
Fr,23,June,2023,16:30,17:30,1.0,F22,f,1
Fr,23,June,2023,17:30,19:00,1.5,F34,f,2
Sa,24,June,2023,11:00,12:00,1.0,M14,m,1
Sa,24,June,2023,14:30,15:30,1.0,F40,f,1
Sa,24,June,2023,14:30,15:30,1.0,F40,f,2
Sa,24,June,2023,15:30,16:30,1.0,F40,f,1
Sa,24,June,2023,15:30,16:30,1.0,F42,f,2
Sa,24,June,2023,16:30,17:30,1.0,F40,f,1
Sa,24,June,2023,17:30,18:30,1.0,F13,f,1
Sa,24,June,2023,17:30,18:30,1.0,F13,f,2
Sa,24,June,2023,18:40,19:40,1.0,M32,m,1
Sa,24,June,2023,18:40,19:40,1.0,M32,m,2
So,25,June,2023,9:30,11:30,2.0,F36,f,1
So,25,June,2023,9:30,11:30,2.0,F36,f,2
So,25,June,2023,11:30,12:30,1.0,M36,m,1
So,25,June,2023,11:30,12:30,1.0,M36,m,2
So,25,June,2023,12:30,13:30,1.0,F27,f,1
So,25,June,2023,12:30,13:30,1.0,F27,f,2
So,25,June,2023,14:00,15:00,1.0,F9,f,1
So,25,June,2023,14:00,15:00,1.0,F9,f,2
So,25,June,2023,18:00,19:00,1.0,M20,m,1
So,25,June,2023,18:30,19:30,1.0,F16,f,2
So,25,June,2023,19:00,20:00,1.0,F32,f,1
So,25,June,2023,19:30,20:30,1.0,F32,f,2
So,25,June,2023,21:00,22:00,1.0,U1,u,1
So,25,June,2023,22:00,23:00,1.0,M2,m,1
Mo,26,June,2023,14:00,15:00,1.0,M7,m,2
Mo,26,June,2023,16:30,17:30,1.0,F42,f,1
Mo,26,June,2023,21:00,22:00,1.0,F44,f,1
Di,27,June,2023,8:45,9:45,1.0,F46,f,1
Di,27,June,2023,12:00,13:00,1.0,F23,f,1
Di,27,June,2023,12:00,13:00,1.0,F23,f,2
Di,27,June,2023,13:30,14:30,1.0,M11,m,1
Di,27,June,2023,13:30,14:30,1.0,M11,m,2
Di,27,June,2023,14:30,15:30,1.0,F3,f,1
Di,27,June,2023,14:30,15:30,1.0,M19,m,2
Di,27,June,2023,15:30,16:30,1.0,M3,m,1
Di,27,June,2023,15:30,16:30,1.0,M3,m,2
Di,27,June,2023,19:00,20:00,1.0,M33,m,1
Di,27,June,2023,19:00,20:00,1.0,M33,m,2
Di,27,June,2023,20:00,21:00,1.0,F45,f,1
Di,27,June,2023,20:00,21:00,1.0,F45,f,2
Di,27,June,2023,21:00,22:00,1.0,M14,m,1
Di,27,June,2023,21:00,22:00,1.0,M14,m,2
Mi,28,June,2023,11:00,12:00,1.0,M33,m,1
Mi,28,June,2023,16:00,17:00,1.0,F37,f,1
Mi,28,June,2023,16:00,17:00,1.0,M1,m,2
Mi,28,June,2023,18:00,19:00,1.0,F25,f,1
Mi,28,June,2023,18:00,19:00,1.0,F25,f,2
Mi,28,June,2023,20:30,22:00,1.5,M28,m,1
Mi,28,June,2023,20:30,22:00,1.5,M28,m,2
Do,29,June,2023,7:00,10:00,3.0,Putzfrau,f,1
Do,29,June,2023,7:00,10:00,3.0,Putzfrau,f,2
Do,29,June,2023,11:00,12:00,1.0,M20,m,1
Do,29,June,2023,11:00,12:00,1.0,M20,m,2
Do,29,June,2023,12:00,13:00,1.0,F47,f,1
Do,29,June,2023,12:00,13:00,1.0,M29,m,2
Do,29,June,2023,14:00,15:00,1.0,F24,f,1
Do,29,June,2023,14:00,15:00,1.0,F24,f,2
Do,29,June,2023,20:45,21:45,1.0,F42,f,1
Fr,30,June,2023,15:00,16:00,1.0,M18,m,1
Sa,1,July,2023,10:15,11:15,1.0,F26,f,2
Sa,1,July,2023,11:30,12:30,1.0,M17,m,1
Sa,1,July,2023,11:30,12:30,1.0,M17,m,2
Sa,1,July,2023,14:00,15:00,1.0,F31,f,1
Sa,1,July,2023,14:00,15:00,1.0,F31,f,2
Sa,1,July,2023,18:30,19:30,1.0,F28,f,1
Sa,1,July,2023,20:00,21:00,1.0,M38,m,2
So,2,July,2023,9:00,10:00,1.0,F12,f,1
So,2,July,2023,10:00,11:00,1.0,F36,f,1
So,2,July,2023,10:00,11:00,1.0,F36,f,2
So,2,July,2023,11:30,12:30,1.0,M7,m,2
So,2,July,2023,14:00,15:00,1.0,F31,f,1
So,2,July,2023,14:00,15:00,1.0,F31,f,2
So,2,July,2023,15:00,16:00,1.0,M26,m,1
So,2,July,2023,18:30,19:30,1.0,M16,m,2
So,2,July,2023,19:00,20:00,1.0,F28,f,1
So,2,July,2023,20:00,21:00,1.0,F45,f,2
Mo,3,July,2023,10:00,11:00,1.0,F22,f,2
Mo,3,July,2023,11:45,12:45,1.0,F46,f,1
Mo,3,July,2023,17:00,18:00,1.0,M15,m,1
Mo,3,July,2023,17:00,18:00,1.0,M15,m,2
Mo,3,July,2023,21:00,22:00,1.0,M13,m,1
Mo,3,July,2023,21:00,22:00,1.0,M13,m,2
Di,4,July,2023,9:00,10:00,1.0,F16,f,1
Di,4,July,2023,10:00,11:00,1.0,M33,m,1
Di,4,July,2023,10:00,11:00,1.0,M33,m,2
Di,4,July,2023,16:00,17:00,1.0,M7,m,2
Di,4,July,2023,17:00,18:00,1.0,F27,f,1
Di,4,July,2023,19:00,20:00,1.0,F19,f,2
Di,4,July,2023,21:00,22:00,1.0,F44,f,2
Di,4,July,2023,22:00,23:00,1.0,F42,f,1
Mi,5,July,2023,11:00,12:00,1.0,M19,m,2
Mi,5,July,2023,15:30,17:00,1.5,F48,f,1
Mi,5,July,2023,15:30,17:00,1.5,F48,f,2
Mi,5,July,2023,17:00,18:00,1.0,F47,f,1
Mi,5,July,2023,19:00,20:00,1.0,F21,f,1
Mi,5,July,2023,21:30,23:00,1.5,M30,m,1
Mi,5,July,2023,21:30,23:00,1.5,M30,m,2
Do,6,July,2023,7:00,10:00,3.0,Putzfrau,f,1
Do,6,July,2023,7:00,10:00,3.0,Putzfrau,f,2
Do,6,July,2023,15:00,16:00,1.0,M1,m,2
Do,6,July,2023,16:45,17:45,1.0,F25,f,1
Do,6,July,2023,19:00,20:00,1.0,F21,f,1
Fr,7,July,2023,10:30,11:30,1.0,F1,f,1
Fr,7,July,2023,10:30,11:30,1.0,F1,f,2
Fr,7,July,2023,12:00,13:00,1.0,M5,m,1
Fr,7,July,2023,16:30,17:30,1.0,M3,m,1
Fr,7,July,2023,16:30,17:30,1.0,M3,m,2
Fr,7,July,2023,22:30,23:30,1.0,M7,m,1
Sa,8,July,2023,7:30,8:30,1.0,F34,f,1
Sa,8,July,2023,7:30,8:30,1.0,F34,f,2
Sa,8,July,2023,12:00,13:15,1.25,F14,f,1
Sa,8,July,2023,12:00,13:15,1.25,F14,f,2
Sa,8,July,2023,14:30,15:30,1.0,F9,f,1
So,9,July,2023,15:00,16:00,1.0,F33,f,1
So,9,July,2023,22:00,23:00,1.0,F36,f,1
So,9,July,2023,22:00,23:00,1.0,F36,f,2
Mo,10,July,2023,7:15,8:15,1.0,F32,f,1
Mo,10,July,2023,7:15,8:15,1.0,F32,f,2
Mo,10,July,2023,13:00,14:00,1.0,M19,m,1
Mo,10,July,2023,13:00,14:00,1.0,M7,m,2
Mo,10,July,2023,14:30,15:30,1.0,F47,f,1
Mo,10,July,2023,14:30,15:30,1.0,F47,f,2
Mo,10,July,2023,15:30,16:30,1.0,M20,m,1
Mo,10,July,2023,15:30,16:30,1.0,M20,m,2
Mo,10,July,2023,16:30,17:30,1.0,M10,m,2
Mo,10,July,2023,17:30,18:30,1.0,F16,f,1
Mo,10,July,2023,17:30,18:30,1.0,F16,f,2
Mo,10,July,2023,20:00,21:00,1.0,F13,f,1
Mo,10,July,2023,20:00,21:00,1.0,F13,f,2
Mo,10,July,2023,22:00,23:00,1.0,F36,f,1
Mo,10,July,2023,22:00,23:00,1.0,F36,f,2
Di,11,July,2023,10:00,12:00,2.0,F23,f,1
Di,11,July,2023,10:00,12:00,2.0,F23,f,2
Di,11,July,2023,12:00,13:00,1.0,F12,f,1
Di,11,July,2023,13:00,14:00,1.0,M11,m,1
Di,11,July,2023,13:00,14:00,1.0,M11,m,2
Di,11,July,2023,14:00,15:00,1.0,M24,m,1
Di,11,July,2023,15:00,16:00,1.0,M17,m,1
Di,11,July,2023,18:30,19:30,1.0,F45,f,1
Di,11,July,2023,18:30,19:30,1.0,F45,f,2
Di,11,July,2023,21:00,22:30,1.5,F15,f,1
Mi,12,July,2023,10:00,11:00,1.0,F31,f,1
Mi,12,July,2023,11:00,12:00,1.0,F20,f,1
Mi,12,July,2023,11:00,12:00,1.0,F20,f,2
Mi,12,July,2023,20:00,21:00,1.0,F41,f,1
Mi,12,July,2023,20:00,21:00,1.0,F41,f,2
Mi,12,July,2023,21:00,22:00,1.0,F42,f,1
Mi,12,July,2023,22:00,23:00,1.0,F36,f,1
Mi,12,July,2023,22:00,23:00,1.0,F36,f,2
Do,13,July,2023,7:00,10:00,3.0,Putzfrau,f,1
Do,13,July,2023,7:00,10:00,3.0,Putzfrau,f,2
Do,13,July,2023,14:00,15:00,1.0,M24,m,1
Do,13,July,2023,14:00,15:00,1.0,M24,m,2
Do,13,July,2023,15:00,16:00,1.0,M20,m,1
Do,13,July,2023,15:00,16:00,1.0,M20,m,2
Do,13,July,2023,16:00,17:00,1.0,M2,m,1
Do,13,July,2023,17:30,18:30,1.0,M1,m,2
Fr,14,July,2023,9:00,10:00,1.0,F46,f,1
Fr,14,July,2023,9:00,10:00,1.0,F46,f,2
Fr,14,July,2023,15:00,16:00,1.0,F22,f,2
Fr,14,July,2023,20:00,22:00,2.0,F35,f,1
Sa,15,July,2023,8:00,10:00,2.0,M33,m,1
Sa,15,July,2023,8:00,9:00,1.0,M33,m,2
Sa,15,July,2023,10:15,13:20,3.08,F31,f,1
Sa,15,July,2023,12:20,13:20,1.0,F31,f,2
Sa,15,July,2023,15:30,16:30,1.0,F38,f,1
Sa,15,July,2023,17:30,18:30,1.0,F27,f,1
So,16,July,2023,10:00,11:00,1.0,F40,f,1
So,16,July,2023,10:00,11:00,1.0,F40,f,2
So,16,July,2023,16:30,17:30,1.0,M36,m,1
So,16,July,2023,16:30,17:30,1.0,M36,m,2
So,16,July,2023,18:30,19:30,1.0,M5,m,1
Mo,17,July,2023,15:00,16:00,1.0,F6,f,2
Mo,17,July,2023,18:30,19:30,1.0,F42,f,1
Mo,17,July,2023,20:00,21:00,1.0,M7,m,1
Mo,17,July,2023,21:00,22:00,1.0,F43,f,2
Mo,17,July,2023,22:00,23:00,1.0,M28,m,1
Mo,17,July,2023,22:00,23:00,1.0,M28,m,2
Di,18,July,2023,11:30,12:30,1.0,F26,f,2
Di,18,July,2023,17:00,18:00,1.0,F19,f,1
Mi,19,July,2023,11:30,12:30,1.0,F47,f,1
Mi,19,July,2023,15:00,16:00,1.0,M20,m,1
Mi,19,July,2023,15:00,16:00,1.0,M20,m,2
Mi,19,July,2023,16:00,17:00,1.0,F28,f,1
Mi,19,July,2023,20:00,21:00,1.0,M11,m,1
Mi,19,July,2023,20:00,21:00,1.0,M11,m,2
Mi,19,July,2023,21:00,22:00,1.0,M19,m,2
Mi,19,July,2023,22:00,23:00,1.0,F30,f,1
Mi,19,July,2023,22:00,23:00,1.0,F30,f,2
Do,20,July,2023,7:00,10:00,3.0,Putzfrau,f,1
Do,20,July,2023,7:00,10:00,3.0,Putzfrau,f,2
Do,20,July,2023,10:00,11:00,1.0,F50,f,1
Do,20,July,2023,10:00,11:00,1.0,F50,f,2
Do,20,July,2023,13:00,15:00,2.0,F23,f,1
Do,20,July,2023,13:00,15:00,2.0,F23,f,2
Do,20,July,2023,17:00,18:00,1.0,M19,m,2
Do,20,July,2023,18:00,19:00,1.0,M17,m,1
Fr,21,July,2023,9:30,10:30,1.0,F44,f,1
Fr,21,July,2023,9:30,10:30,1.0,F44,f,2
Fr,21,July,2023,11:30,12:30,1.0,M15,m,1
Fr,21,July,2023,11:30,12:30,1.0,M15,m,2
Fr,21,July,2023,15:00,16:00,1.0,F50,f,1
Fr,21,July,2023,15:00,16:00,1.0,F50,f,2
Fr,21,July,2023,16:00,17:00,1.0,F36,f,1
Fr,21,July,2023,16:30,17:30,1.0,F42,f,2
Fr,21,July,2023,20:00,21:00,1.0,M7,m,2
Fr,21,July,2023,22:30,23:30,1.0,F36,f,1
Fr,21,July,2023,22:30,23:30,1.0,F36,f,2
Sa,22,July,2023,9:30,10:30,1.0,F46,f,1
Sa,22,July,2023,11:00,12:00,1.0,M32,m,1
Sa,22,July,2023,11:00,12:00,1.0,M32,m,2
Sa,22,July,2023,13:00,14:00,1.0,F24,f,1
Sa,22,July,2023,13:00,14:00,1.0,F24,f,2
Sa,22,July,2023,16:45,17:45,1.0,F31,f,2
Sa,22,July,2023,18:30,19:30,1.0,F9,f,1
Sa,22,July,2023,18:30,19:30,1.0,F9,f,2
Sa,22,July,2023,19:30,20:30,1.0,F16,f,1
Sa,22,July,2023,19:30,20:30,1.0,F13,f,2
Sa,22,July,2023,21:00,22:00,1.0,F33,f,1
Sa,22,July,2023,22:00,23:00,1.0,M7,m,1
Sa,22,July,2023,22:00,23:00,1.0,M7,m,2
So,23,July,2023,10:00,11:00,1.0,F23,f,1
So,23,July,2023,10:00,11:00,1.0,F23,f,2
So,23,July,2023,13:00,14:00,1.0,M33,m,2
So,23,July,2023,14:00,15:00,1.0,M16,m,1
So,23,July,2023,14:30,15:30,1.0,M7,m,2
So,23,July,2023,18:25,19:25,1.0,M37,m,2
So,23,July,2023,20:00,21:00,1.0,F27,f,1
So,23,July,2023,20:00,21:00,1.0,F27,f,2
Mo,24,July,2023,11:30,12:30,1.0,F29,f,2
Mo,24,July,2023,12:30,13:30,1.0,M1,m,2
Mo,24,July,2023,14:00,15:00,1.0,M2,m,1
Mo,24,July,2023,14:00,15:00,1.0,M2,m,2
Mo,24,July,2023,19:00,20:00,1.0,M7,m,2
Mo,24,July,2023,19:30,21:30,2.0,F4,f,1
Mo,24,July,2023,20:00,21:30,1.5,F4,f,2
Di,25,July,2023,8:30,9:30,1.0,F12,f,1
Di,25,July,2023,9:30,10:30,1.0,F15,f,1
Di,25,July,2023,9:30,10:30,1.0,F15,f,2
Di,25,July,2023,13:20,14:20,1.0,M37,m,2
Di,25,July,2023,14:30,16:30,2.0,M13,m,1
Di,25,July,2023,14:30,16:30,2.0,M13,m,2
Di,25,July,2023,16:30,17:30,1.0,F3,f,2
Di,25,July,2023,17:30,18:30,1.0,M5,m,1
Mi,26,July,2023,15:30,17:30,2.0,F20,f,1
Mi,26,July,2023,15:30,17:30,2.0,F20,f,2
Mi,26,July,2023,18:00,19:00,1.0,F8,f,1
Mi,26,July,2023,20:45,22:00,1.25,M30,m,1
Mi,26,July,2023,22:00,23:00,1.0,F30,f,1
Mi,26,July,2023,22:00,23:00,1.0,F30,f,2
Do,27,July,2023,7:00,10:00,3.0,Putzfrau,f,1
Do,27,July,2023,7:00,10:00,3.0,Putzfrau,f,2
Do,27,July,2023,12:00,13:00,1.0,M18,m,1
Do,27,July,2023,17:00,18:00,1.0,M3,m,1
Do,27,July,2023,17:00,18:00,1.0,M3,m,2
Do,27,July,2023,18:30,19:30,1.0,F44,f,1
Do,27,July,2023,18:30,19:30,1.0,F44,f,2
Do,27,July,2023,21:30,22:30,1.0,F14,f,1
Do,27,July,2023,21:30,22:30,1.0,F14,f,2
Fr,28,July,2023,10:00,11:00,1.0,F47,f,1
Fr,28,July,2023,10:00,11:00,1.0,F47,f,2
Fr,28,July,2023,11:00,12:00,1.0,M20,m,1
Fr,28,July,2023,11:00,12:00,1.0,M20,m,2
Fr,28,July,2023,14:30,16:30,2.0,M17,m,2
Fr,28,July,2023,15:00,16:00,1.0,F42,f,1
Fr,28,July,2023,16:45,17:45,1.0,F30,f,1
Fr,28,July,2023,16:45,17:45,1.0,F30,f,2
Fr,28,July,2023,18:00,19:00,1.0,M17,m,2
Sa,29,July,2023,9:15,10:15,1.0,M39,m,1
Sa,29,July,2023,10:00,11:00,1.0,F31,f,2
Sa,29,July,2023,14:00,15:00,1.0,M39,m,1
Sa,29,July,2023,14:00,15:00,1.0,M39,m,2
Sa,29,July,2023,20:30,21:30,1.0,M7,m,2
Sa,29,July,2023,21:30,22:30,1.0,F21,f,1
Sa,29,July,2023,21:30,22:30,1.0,F21,f,2
So,30,July,2023,9:30,10:30,1.0,M36,m,2
So,30,July,2023,12:00,13:00,1.0,F31,f,1
So,30,July,2023,15:15,16:15,1.0,M7,m,2
So,30,July,2023,16:00,17:00,1.0,M16,m,1
So,30,July,2023,20:00,21:00,1.0,F19,f,1
Mo,31,July,2023,11:00,12:00,1.0,F34,f,1
Mo,31,July,2023,11:00,12:00,1.0,F34,f,2
Mo,31,July,2023,12:00,13:00,1.0,M20,m,1
Mo,31,July,2023,12:00,13:00,1.0,M20,m,2
Mo,31,July,2023,18:00,19:00,1.0,F36,f,1
Mo,31,July,2023,18:00,19:00,1.0,F36,f,2
Mo,31,July,2023,19:00,20:00,1.0,F23,f,1
Mo,31,July,2023,19:00,20:00,1.0,F23,f,2
Di,1,August,2023,16:00,17:00,1.0,M22,m,2
Di,1,August,2023,16:15,17:15,1.0,F42,f,1
Di,1,August,2023,19:00,20:00,1.0,F47,f,1
Di,1,August,2023,20:00,21:00,1.0,F45,f,1
Mi,2,August,2023,10:30,12:30,2.0,F48,f,1
Mi,2,August,2023,10:30,12:30,2.0,F48,f,2
Mi,2,August,2023,14:00,15:00,1.0,M11,m,1
Mi,2,August,2023,14:00,15:00,1.0,M11,m,2
Mi,2,August,2023,15:00,16:00,1.0,F25,f,1
Mi,2,August,2023,15:00,16:00,1.0,F25,f,2
Mi,2,August,2023,16:00,17:00,1.0,M24,m,1
Mi,2,August,2023,16:00,17:00,1.0,F29,f,2
Mi,2,August,2023,17:00,18:00,1.0,F27,f,2
Mi,2,August,2023,19:00,20:00,1.0,F28,f,2
Mi,2,August,2023,19:15,20:15,1.0,M30,m,1
Do,3,August,2023,7:00,10:00,3.0,Putzfrau,f,1
Do,3,August,2023,7:00,10:00,3.0,Putzfrau,f,2
Do,3,August,2023,14:30,15:30,1.0,M34,m,1
Do,3,August,2023,18:30,19:30,1.0,M3,m,1
Do,3,August,2023,18:30,19:30,1.0,M3,m,2
Do,3,August,2023,19:30,20:30,1.0,F4,f,2
Fr,4,August,2023,9:00,10:00,1.0,F32,f,1
Fr,4,August,2023,9:00,10:00,1.0,F32,f,2
Fr,4,August,2023,10:30,11:30,1.0,M7,m,1
Fr,4,August,2023,10:30,11:30,1.0,M7,m,2
Fr,4,August,2023,11:30,12:30,1.0,F13,f,1
Fr,4,August,2023,11:30,12:30,1.0,F13,f,2
Fr,4,August,2023,12:30,13:30,1.0,F21,f,1
Sa,5,August,2023,10:00,12:00,2.0,F31,f,1
Sa,5,August,2023,10:00,12:00,2.0,F31,f,2
Sa,5,August,2023,13:30,14:30,1.0,F33,f,1
Sa,5,August,2023,18:00,19:00,1.0,M33,m,1
Sa,5,August,2023,18:00,19:00,1.0,M33,m,2
So,6,August,2023,12:00,13:00,1.0,F16,f,1
So,6,August,2023,12:00,13:00,1.0,F16,f,2
So,6,August,2023,13:00,15:00,2.0,F31,f,1
So,6,August,2023,13:00,14:00,1.0,M7,m,2
So,6,August,2023,14:00,15:00,1.0,F31,f,2
So,6,August,2023,17:30,18:30,1.0,M2,m,1
Mo,7,August,2023,16:30,17:30,1.0,F19,f,1
Mo,7,August,2023,18:15,19:15,1.0,M19,m,2
Di,8,August,2023,12:00,13:00,1.0,M7,m,1
Di,8,August,2023,14:30,15:30,1.0,F15,f,1
Di,8,August,2023,14:30,15:30,1.0,F15,f,2
Di,8,August,2023,18:00,19:00,1.0,F23,f,1
Di,8,August,2023,18:00,19:00,1.0,F23,f,2
Mi,9,August,2023,12:30,13:30,1.0,F13,f,1
Mi,9,August,2023,12:30,13:30,1.0,F13,f,2
Mi,9,August,2023,15:00,16:00,1.0,M1,m,2
Mi,9,August,2023,16:30,17:30,1.0,M28,m,1
Mi,9,August,2023,16:30,17:30,1.0,M28,m,2
Do,10,August,2023,7:00,10:00,3.0,Putzfrau,f,1
Do,10,August,2023,7:00,10:00,3.0,Putzfrau,f,2
Do,10,August,2023,14:00,15:00,1.0,F13,f,1
Do,10,August,2023,14:00,15:00,1.0,F13,f,2
Do,10,August,2023,17:00,18:00,1.0,M5,m,1
Do,10,August,2023,17:00,18:00,1.0,M5,m,2
Do,10,August,2023,18:00,20:00,2.0,F36,f,1
Do,10,August,2023,18:00,20:00,2.0,F36,f,2
Fr,11,August,2023,9:00,10:00,1.0,F46,f,1
Fr,11,August,2023,10:30,11:30,1.0,F41,f,1
Fr,11,August,2023,10:30,11:30,1.0,F41,f,2
Fr,11,August,2023,14:00,15:00,1.0,F31,f,1
Fr,11,August,2023,14:00,15:00,1.0,F31,f,2
Fr,11,August,2023,17:30,18:30,1.0,F28,f,2
Fr,11,August,2023,18:00,19:00,1.0,F51,f,1
Fr,11,August,2023,18:30,19:30,1.0,F16,f,2
Sa,12,August,2023,12:00,13:00,1.0,M33,m,1
Sa,12,August,2023,12:00,13:00,1.0,M33,m,2
Sa,12,August,2023,17:00,18:00,1.0,F23,f,1
Sa,12,August,2023,17:00,18:00,1.0,F23,f,2
So,13,August,2023,19:30,20:30,1.0,M2,m,1
So,13,August,2023,19:30,20:30,1.0,M2,m,2
Mo,14,August,2023,10:00,11:45,1.75,F9,f,1
Mo,14,August,2023,10:00,11:45,1.75,F9,f,2
Di,15,August,2023,9:00,11:00,2.0,M40,m,2
Di,15,August,2023,11:00,12:00,1.0,M17,m,1
Di,15,August,2023,11:00,12:00,1.0,M17,m,2
Di,15,August,2023,13:00,14:00,1.0,M7,m,2
Mi,16,August,2023,10:30,11:30,1.0,F34,f,1
Mi,16,August,2023,19:00,20:00,1.0,F42,f,1
Mi,16,August,2023,20:30,21:30,1.0,F4,f,1
Mi,16,August,2023,20:30,21:30,1.0,F4,f,2
Mi,16,August,2023,21:30,22:30,1.0,M7,m,2
Do,17,August,2023,0:00,1:00,1.0,M15,m,1
Do,17,August,2023,0:00,1:00,1.0,M15,m,2
Do,17,August,2023,7:00,10:00,3.0,Putzfrau,f,1
Do,17,August,2023,7:00,10:00,3.0,Putzfrau,f,2
Do,17,August,2023,12:30,13:30,1.0,F13,f,1
Do,17,August,2023,12:30,13:30,1.0,F13,f,2
Do,17,August,2023,14:00,15:00,1.0,M3,m,1
Do,17,August,2023,14:00,15:00,1.0,M3,m,2
Do,17,August,2023,22:00,23:00,1.0,F42,f,1
Do,17,August,2023,22:00,23:00,1.0,F42,f,2
Fr,18,August,2023,8:45,9:45,1.0,F24,f,1
Fr,18,August,2023,20:00,21:00,1.0,M33,m,1
Fr,18,August,2023,20:00,21:00,1.0,M33,m,2
Fr,18,August,2023,21:00,22:00,1.0,F31,f,1
Fr,18,August,2023,21:00,22:00,1.0,F31,f,2
Sa,19,August,2023,10:00,11:00,1.0,F3,f,1
Sa,19,August,2023,10:00,11:00,1.0,F3,f,2
Sa,19,August,2023,14:00,15:00,1.0,M7,m,2
Sa,19,August,2023,15:30,16:30,1.0,F26,f,2
So,20,August,2023,8:30,9:30,1.0,M40,m,2
So,20,August,2023,13:00,14:00,1.0,M7,m,1
So,20,August,2023,14:00,15:00,1.0,F16,f,1
So,20,August,2023,21:00,22:00,1.0,F30,f,1
So,20,August,2023,21:00,22:00,1.0,F30,f,2
Di,22,August,2023,12:30,13:30,1.0,F27,f,1
Mi,23,August,2023,10:00,11:00,1.0,F23,f,1
Mi,23,August,2023,10:00,11:00,1.0,F23,f,2
Mi,23,August,2023,14:45,15:45,1.0,M2,m,1
Mi,23,August,2023,17:00,18:00,1.0,F44,f,1
Mi,23,August,2023,20:00,21:00,1.0,F45,f,2
Do,24,August,2023,7:00,10:00,3.0,Putzfrau,f,1
Do,24,August,2023,7:00,10:00,3.0,Putzfrau,f,2
Do,24,August,2023,16:00,17:00,1.0,M1,m,1
Do,24,August,2023,22:30,23:45,1.25,F35,f,1
Do,24,August,2023,22:30,23:45,1.25,F35,f,2
Fr,25,August,2023,9:00,10:00,1.0,M40,m,2
Fr,25,August,2023,12:00,13:00,1.0,F24,f,1
Fr,25,August,2023,12:00,13:00,1.0,F24,f,2
Fr,25,August,2023,14:00,15:00,1.0,F21,f,1
Fr,25,August,2023,16:20,17:20,1.0,M32,m,1
Fr,25,August,2023,16:20,17:20,1.0,M32,m,2
Fr,25,August,2023,20:00,21:00,1.0,M7,m,1
Fr,25,August,2023,20:00,21:00,1.0,M7,m,2
Sa,26,August,2023,9:00,10:00,1.0,F51,f,1
Sa,26,August,2023,9:00,10:00,1.0,F51,f,2
Sa,26,August,2023,10:00,11:00,1.0,F51,f,1
Sa,26,August,2023,11:00,12:00,1.0,M7,m,1
Sa,26,August,2023,11:00,12:00,1.0,M7,m,2
Sa,26,August,2023,15:00,17:00,2.0,F36,f,1
Sa,26,August,2023,15:00,17:00,2.0,F36,f,2
Sa,26,August,2023,17:00,18:00,1.0,M7,m,2
Sa,26,August,2023,18:00,19:00,1.0,F42,f,1
So,27,August,2023,11:00,12:00,1.0,U2,u,1
So,27,August,2023,11:00,12:00,1.0,U2,u,2
So,27,August,2023,18:00,19:00,1.0,M16,m,1
So,27,August,2023,18:00,19:00,1.0,M16,m,2
So,27,August,2023,21:00,22:00,1.0,M7,m,1
So,27,August,2023,21:00,22:00,1.0,M7,m,2
Mo,28,August,2023,11:30,12:30,1.0,F1,f,2
Mo,28,August,2023,14:00,15:00,1.0,M3,m,1
Mo,28,August,2023,14:00,15:00,1.0,M3,m,2
Di,29,August,2023,12:00,13:00,1.0,F42,f,1
Di,29,August,2023,14:00,16:00,2.0,F23,f,1
Di,29,August,2023,14:00,16:00,2.0,F23,f,2
Mi,30,August,2023,16:00,18:00,2.0,M33,m,1
Mi,30,August,2023,16:00,18:00,2.0,M33,m,2
Mi,30,August,2023,18:00,19:00,1.0,F28,f,1
Do,31,August,2023,7:00,10:00,3.0,Putzfrau,f,1
Do,31,August,2023,7:00,10:00,3.0,Putzfrau,f,2
Do,31,August,2023,17:45,18:45,1.0,F28,f,1
Do,31,August,2023,20:00,21:00,1.0,M7,m,1
Do,31,August,2023,20:00,21:00,1.0,M7,m,2
Do,31,August,2023,21:00,22:00,1.0,M11,m,1
Do,31,August,2023,21:00,22:00,1.0,M11,m,2
Do,31,August,2023,22:00,23:00,1.0,F45,f,1
Fr,1,September,2023,17:15,18:15,1.0,F42,f,1
Fr,1,September,2023,20:00,21:00,1.0,F21,f,1
Sa,2,September,2023,7:00,8:00,1.0,M2,m,1
Sa,2,September,2023,7:00,8:00,1.0,M2,m,2
Sa,2,September,2023,8:00,9:00,1.0,F16,f,1
Sa,2,September,2023,8:00,9:00,1.0,F16,f,2
Sa,2,September,2023,13:30,14:30,1.0,M7,m,2
So,3,September,2023,10:00,11:00,1.0,M40,m,2
So,3,September,2023,14:30,15:30,1.0,M16,m,1
So,3,September,2023,14:30,15:30,1.0,M16,m,2
So,3,September,2023,18:00,19:00,1.0,M40,m,2
Mo,4,September,2023,12:30,13:30,1.0,M2,m,2
Mo,4,September,2023,14:00,15:00,1.0,F29,f,2
Mo,4,September,2023,18:00,19:00,1.0,F28,f,1
Mo,4,September,2023,18:45,19:45,1.0,F33,f,2
Mo,4,September,2023,20:00,21:00,1.0,M33,m,1
Mo,4,September,2023,20:00,21:00,1.0,M33,m,2
Di,5,September,2023,10:30,11:30,1.0,F29,f,2
Di,5,September,2023,13:30,14:30,1.0,M7,m,2
Di,5,September,2023,15:00,16:00,1.0,F31,f,1
Mi,6,September,2023,9:45,10:45,1.0,F26,f,2
Mi,6,September,2023,13:30,14:30,1.0,F42,f,1
Mi,6,September,2023,13:30,14:30,1.0,F42,f,2
Mi,6,September,2023,15:30,16:30,1.0,M1,m,2
Mi,6,September,2023,19:00,20:00,1.0,M7,m,2
Do,7,September,2023,7:00,10:00,3.0,Putzfrau,f,1
Do,7,September,2023,7:00,10:00,3.0,Putzfrau,f,2
Fr,8,September,2023,8:00,9:00,1.0,M36,m,1
Fr,8,September,2023,8:00,9:00,1.0,M36,m,2
Fr,8,September,2023,13:00,14:00,1.0,M3,m,1
Fr,8,September,2023,13:00,14:00,1.0,M3,m,2
Fr,8,September,2023,14:00,15:00,1.0,F3,f,1
Fr,8,September,2023,14:00,15:00,1.0,F3,f,2
Fr,8,September,2023,15:00,16:00,1.0,M19,m,2
Fr,8,September,2023,17:00,18:00,1.0,F6,f,2
Fr,8,September,2023,20:00,21:00,1.0,F4,f,1
Fr,8,September,2023,20:00,21:00,1.0,F4,f,2
Fr,8,September,2023,21:00,22:00,1.0,F31,f,1
Sa,9,September,2023,14:00,15:00,1.0,M40,m,2
Sa,9,September,2023,14:30,15:30,1.0,F51,f,1
Sa,9,September,2023,20:45,21:45,1.0,M7,m,1
Sa,9,September,2023,20:45,21:45,1.0,M7,m,2
So,10,September,2023,14:30,16:30,2.0,M7,m,2
Mo,11,September,2023,18:00,19:00,1.0,F9,f,1
Mo,11,September,2023,18:00,19:00,1.0,F9,f,2
Di,12,September,2023,13:30,14:30,1.0,M16,m,2
Mi,13,September,2023,10:00,11:00,1.0,F23,f,1
Mi,13,September,2023,10:00,11:00,1.0,F23,f,2
Mi,13,September,2023,12:00,13:00,1.0,M11,m,2
Mi,13,September,2023,16:00,17:00,1.0,M1,m,2
Mi,13,September,2023,19:00,20:30,1.5,F28,f,2
Do,14,September,2023,7:00,10:00,3.0,Putzfrau,f,1
Do,14,September,2023,7:00,10:00,3.0,Putzfrau,f,2
Do,14,September,2023,17:30,18:30,1.0,F15,f,1
Do,14,September,2023,17:30,18:30,1.0,F15,f,2
Fr,15,September,2023,8:00,9:00,1.0,M33,m,1
Fr,15,September,2023,8:00,9:00,1.0,M33,m,2
Fr,15,September,2023,10:00,11:00,1.0,U2,u,2
Fr,15,September,2023,10:30,11:30,1.0,F33,f,1
Fr,15,September,2023,15:00,16:00,1.0,F31,f,1
Fr,15,September,2023,19:00,20:00,1.0,F42,f,1
Sa,16,September,2023,21:45,22:45,1.0,M7,m,1
So,17,September,2023,9:45,10:45,1.0,M36,m,2
So,17,September,2023,12:30,13:30,1.0,F51,f,1
So,17,September,2023,15:30,16:30,1.0,F18,f,1
Mo,18,September,2023,19:30,20:30,1.0,F47,f,1
Mo,18,September,2023,21:30,22:30,1.0,M7,m,2
Di,19,September,2023,13:00,14:00,1.0,F31,f,1
Di,19,September,2023,13:00,14:00,1.0,F31,f,2
Di,19,September,2023,14:00,15:00,1.0,F31,f,1
Mi,20,September,2023,9:45,10:45,1.0,F1,f,2
Mi,20,September,2023,17:00,18:00,1.0,F33,f,1
Mi,20,September,2023,18:30,19:30,1.0,F16,f,1
Mi,20,September,2023,18:30,19:30,1.0,F16,f,2
Do,21,September,2023,7:00,10:00,3.0,Putzfrau,f,1
Do,21,September,2023,7:00,10:00,3.0,Putzfrau,f,2
Do,21,September,2023,11:00,12:00,1.0,F23,f,1
Do,21,September,2023,11:00,12:00,1.0,F23,f,2
Do,21,September,2023,20:00,21:00,1.0,M7,m,1
Fr,22,September,2023,10:00,11:00,1.0,F52,f,1
Fr,22,September,2023,10:00,11:00,1.0,F52,f,2
Fr,22,September,2023,22:00,23:00,1.0,F31,f,1
Sa,23,September,2023,9:00,10:00,1.0,M17,m,1
Sa,23,September,2023,9:30,10:30,1.0,F47,f,2
So,24,September,2023,17:45,18:45,1.0,M11,m,1
So,24,September,2023,17:45,18:45,1.0,M11,m,2
Mo,25,September,2023,18:30,20:30,2.0,M39,m,1
Mo,25,September,2023,18:30,20:30,2.0,M39,m,2
Mo,25,September,2023,21:00,22:00,1.0,M7,m,1
Mo,25,September,2023,22:00,23:00,1.0,F15,f,1
Mo,25,September,2023,22:00,23:00,1.0,F15,f,2
Di,26,September,2023,16:30,17:30,1.0,F44,f,1
Di,26,September,2023,16:30,17:30,1.0,F44,f,2
Di,26,September,2023,17:30,18:30,1.0,M1,m,2
Di,26,September,2023,19:00,20:00,1.0,F51,f,1
Di,26,September,2023,20:00,21:00,1.0,F45,f,2
Mi,27,September,2023,9:00,10:00,1.0,F46,f,1
Mi,27,September,2023,20:00,21:00,1.0,M15,m,1
Mi,27,September,2023,20:00,21:00,1.0,M15,m,2
Do,28,September,2023,7:00,10:00,3.0,Putzfrau,f,1
Do,28,September,2023,7:00,10:00,3.0,Putzfrau,f,2
Do,28,September,2023,10:30,12:00,1.5,M33,m,1
Do,28,September,2023,10:30,12:00,1.5,M33,m,2
Do,28,September,2023,12:00,13:00,1.0,F23,f,1
Do,28,September,2023,12:00,13:00,1.0,F23,f,2
Do,28,September,2023,17:00,18:00,1.0,F51,f,1
Do,28,September,2023,19:30,20:30,1.0,F52,f,1
Do,28,September,2023,20:30,21:30,1.0,F21,f,1
Fr,29,September,2023,17:00,18:00,1.0,F47,f,1
Fr,29,September,2023,17:00,18:00,1.0,F47,f,2
Sa,30,September,2023,8:30,9:30,1.0,M36,m,1
Sa,30,September,2023,8:30,9:30,1.0,M36,m,2
So,1,October,2023,11:15,12:15,1.0,M36,m,1
So,1,October,2023,14:00,15:00,1.0,M7,m,1
So,1,October,2023,14:00,15:00,1.0,M7,m,2
So,1,October,2023,15:00,16:00,1.0,F18,f,1
So,1,October,2023,15:00,16:00,1.0,F18,f,2
So,1,October,2023,16:00,17:00,1.0,M33,m,1
So,1,October,2023,16:00,17:00,1.0,M33,m,2
So,1,October,2023,17:00,18:00,1.0,F23,f,2
Mo,2,October,2023,13:30,14:30,1.0,F3,f,1
Mo,2,October,2023,13:30,14:30,1.0,F3,f,2
Mo,2,October,2023,17:30,18:30,1.0,F45,f,2
Di,3,October,2023,10:45,11:45,1.0,F53,f,1
Di,3,October,2023,10:45,11:45,1.0,F53,f,2
Di,3,October,2023,14:00,15:00,1.0,F9,f,1
Di,3,October,2023,14:00,15:00,1.0,F9,f,2
Di,3,October,2023,21:00,22:00,1.0,F53,f,1
Di,3,October,2023,21:00,22:00,1.0,F53,f,2
Di,3,October,2023,22:00,23:00,1.0,F25,f,1
Di,3,October,2023,22:00,23:00,1.0,F25,f,2
Mi,4,October,2023,15:30,16:30,1.0,F19,f,1
Mi,4,October,2023,17:00,18:00,1.0,F44,f,1
Mi,4,October,2023,17:00,18:00,1.0,F44,f,2
Do,5,October,2023,7:00,10:00,3.0,Putzfrau,f,1
Do,5,October,2023,7:00,10:00,3.0,Putzfrau,f,2
Do,5,October,2023,16:30,17:30,1.0,M41,m,1
Do,5,October,2023,19:00,20:00,1.0,M17,m,1
Do,5,October,2023,19:00,20:00,1.0,M17,m,2
Sa,7,October,2023,10:00,11:00,1.0,F52,f,1
So,8,October,2023,11:00,12:00,1.0,M7,m,1
So,8,October,2023,11:30,12:30,1.0,M7,m,2
So,8,October,2023,15:00,16:00,1.0,M7,m,2
So,8,October,2023,21:00,22:30,1.5,F30,f,1
So,8,October,2023,21:00,22:30,1.5,F30,f,2
Mo,9,October,2023,9:00,10:00,1.0,M42,m,1
Mo,9,October,2023,10:00,11:00,1.0,F12,f,2
Mo,9,October,2023,12:00,14:00,2.0,M3,m,1
Mo,9,October,2023,12:00,14:00,2.0,M3,m,2
Mo,9,October,2023,14:00,15:00,1.0,F23,f,1
Mo,9,October,2023,14:00,15:00,1.0,F23,f,2
Mo,9,October,2023,15:00,16:00,1.0,M1,m,2
Mo,9,October,2023,20:00,21:00,1.0,F47,f,1
Di,10,October,2023,12:00,13:00,1.0,M43,m,1
Di,10,October,2023,12:00,13:00,1.0,M43,m,2
Di,10,October,2023,17:00,18:30,1.5,F31,f,1
Di,10,October,2023,17:00,18:30,1.5,F31,f,2
Di,10,October,2023,21:00,22:30,1.5,F25,f,1
Di,10,October,2023,21:00,22:30,1.5,F25,f,2
Mi,11,October,2023,7:30,8:30,1.0,M2,m,1
Mi,11,October,2023,8:30,9:30,1.0,M36,m,1
Mi,11,October,2023,8:30,9:30,1.0,M36,m,2
Mi,11,October,2023,15:15,16:15,1.0,M28,m,1
Mi,11,October,2023,15:15,16:15,1.0,M28,m,2
Do,12,October,2023,7:00,10:00,3.0,Putzfrau,f,1
Do,12,October,2023,7:00,10:00,3.0,Putzfrau,f,2
Do,12,October,2023,11:00,12:00,1.0,F20,f,1
Do,12,October,2023,11:00,12:00,1.0,F20,f,2
Do,12,October,2023,12:00,13:00,1.0,M7,m,1
Do,12,October,2023,12:00,13:00,1.0,M7,m,2
Do,12,October,2023,21:00,22:00,1.0,M7,m,1
Fr,13,October,2023,13:45,14:45,1.0,F32,f,1
Fr,13,October,2023,19:45,20:45,1.0,M7,m,1
Fr,13,October,2023,21:00,22:00,1.0,F15,f,1
Fr,13,October,2023,21:00,22:00,1.0,F15,f,2
Sa,14,October,2023,9:00,11:00,2.0,M11,m,1
Sa,14,October,2023,9:00,10:00,1.0,F54,f,2
Sa,14,October,2023,10:00,11:00,1.0,M17,m,2
Sa,14,October,2023,11:30,12:30,1.0,M7,m,1
Sa,14,October,2023,11:30,12:30,1.0,M7,m,2
Sa,14,October,2023,12:30,13:30,1.0,U1,u,1
Sa,14,October,2023,13:45,14:45,1.0,F32,f,2
Sa,14,October,2023,15:45,16:45,1.0,M15,m,1
Sa,14,October,2023,15:45,16:45,1.0,M15,m,2
Sa,14,October,2023,20:00,21:00,1.0,M19,m,2
So,15,October,2023,13:00,14:00,1.0,M7,m,2
So,15,October,2023,14:30,15:30,1.0,M42,m,1
So,15,October,2023,14:30,15:30,1.0,M42,m,2
So,15,October,2023,16:30,17:30,1.0,F33,f,1
Mo,16,October,2023,10:30,11:30,1.0,M43,m,1
Mo,16,October,2023,13:00,14:00,1.0,F21,f,1
Mo,16,October,2023,15:00,16:00,1.0,F52,f,1
Mo,16,October,2023,15:00,16:00,1.0,F52,f,2
Mo,16,October,2023,17:00,18:00,1.0,F44,f,1
Mo,16,October,2023,17:00,18:00,1.0,F44,f,2
Mo,16,October,2023,18:00,19:00,1.0,F18,f,1
Mo,16,October,2023,18:00,19:00,1.0,F18,f,2
Di,17,October,2023,14:30,15:30,1.0,M1,m,2
Mi,18,October,2023,9:00,10:00,1.0,F46,f,1
Mi,18,October,2023,9:00,10:00,1.0,F46,f,2
Mi,18,October,2023,11:00,12:00,1.0,F1,f,1
Mi,18,October,2023,11:00,12:00,1.0,F1,f,2
Mi,18,October,2023,12:00,13:00,1.0,M19,m,2
Mi,18,October,2023,13:00,14:00,1.0,M33,m,1
Mi,18,October,2023,13:00,14:00,1.0,M33,m,2
Mi,18,October,2023,17:00,18:00,1.0,F23,f,1
Mi,18,October,2023,17:00,18:00,1.0,F23,f,2
Mi,18,October,2023,18:20,19:00,0.67,F53,f,1
Mi,18,October,2023,18:20,19:00,0.67,F53,f,2
Mi,18,October,2023,19:00,20:00,1.0,F55,f,1
Mi,18,October,2023,19:00,20:00,1.0,F55,f,2
Mi,18,October,2023,20:30,21:30,1.0,F47,f,1
Mi,18,October,2023,20:30,21:30,1.0,F47,f,2
Do,19,October,2023,7:00,10:00,3.0,Putzfrau,f,1
Do,19,October,2023,7:00,10:00,3.0,Putzfrau,f,2
Do,19,October,2023,14:20,15:20,1.0,M44,m,1
Do,19,October,2023,14:20,15:20,1.0,M44,m,2
Do,19,October,2023,15:20,16:05,0.75,M22,m,1
Do,19,October,2023,16:30,17:30,1.0,F12,f,1
Do,19,October,2023,17:30,18:30,1.0,F45,f,2
Fr,20,October,2023,9:00,10:00,1.0,M11,m,1
Fr,20,October,2023,9:00,10:00,1.0,M11,m,2
Fr,20,October,2023,12:15,13:15,1.0,M12,m,2
Fr,20,October,2023,12:30,13:30,1.0,F56,f,1
Fr,20,October,2023,13:30,14:30,1.0,F3,f,1
Fr,20,October,2023,13:30,14:30,1.0,F3,f,2
Fr,20,October,2023,15:00,16:00,1.0,M45,m,2
Fr,20,October,2023,18:00,19:00,1.0,F27,f,1
Sa,21,October,2023,10:00,11:00,1.0,M17,m,1
Sa,21,October,2023,11:30,12:30,1.0,F36,f,1
Sa,21,October,2023,11:30,12:30,1.0,F36,f,2
Sa,21,October,2023,12:30,13:30,1.0,F19,f,1
Sa,21,October,2023,16:00,17:00,1.0,F28,f,2
Sa,21,October,2023,18:00,19:00,1.0,F21,f,1
So,22,October,2023,12:30,13:30,1.0,F9,f,1
So,22,October,2023,12:30,13:30,1.0,F9,f,2
So,22,October,2023,15:30,16:30,1.0,M3,m,1
So,22,October,2023,15:30,16:30,1.0,M3,m,2
So,22,October,2023,18:00,19:00,1.0,M7,m,1
So,22,October,2023,19:30,20:30,1.0,M2,m,1
Mo,23,October,2023,12:00,13:00,1.0,M11,m,1
Mo,23,October,2023,12:00,13:00,1.0,F21,f,2
Mo,23,October,2023,17:00,18:00,1.0,F31,f,1
Mo,23,October,2023,17:00,18:00,1.0,F31,f,2
Mo,23,October,2023,18:30,19:30,1.0,F54,f,1
Mo,23,October,2023,18:30,19:30,1.0,F54,f,2
Mo,23,October,2023,19:30,20:30,1.0,F32,f,2
Mo,23,October,2023,21:00,22:00,1.0,F15,f,1
Mo,23,October,2023,21:00,22:00,1.0,F15,f,2
Di,24,October,2023,12:30,13:30,1.0,F52,f,1
Di,24,October,2023,16:30,18:30,2.0,F28,f,1
Di,24,October,2023,16:30,17:30,1.0,F47,f,2
Di,24,October,2023,17:30,18:30,1.0,M46,m,2
Di,24,October,2023,20:00,21:00,1.0,M5,m,1
Di,24,October,2023,20:00,21:00,1.0,M5,m,2
Do,26,October,2023,7:00,10:00,3.0,Putzfrau,f,1
Do,26,October,2023,7:00,10:00,3.0,Putzfrau,f,2
Do,26,October,2023,10:30,11:30,1.0,M11,m,1
Do,26,October,2023,10:30,11:30,1.0,M11,m,2
Do,26,October,2023,11:30,12:30,1.0,M1,m,1
Do,26,October,2023,17:00,18:00,1.0,M45,m,2
Do,26,October,2023,20:00,21:00,1.0,M7,m,1
Do,26,October,2023,20:00,21:00,1.0,M7,m,2
Do,26,October,2023,21:00,22:00,1.0,F48,f,1
Do,26,October,2023,21:00,22:00,1.0,F48,f,2
Fr,27,October,2023,8:00,9:00,1.0,F21,f,1
Fr,27,October,2023,14:30,15:30,1.0,F45,f,1
Fr,27,October,2023,14:30,15:30,1.0,F45,f,2
Fr,27,October,2023,16:00,17:00,1.0,M43,m,1
Fr,27,October,2023,16:00,17:00,1.0,M43,m,2
Fr,27,October,2023,18:00,19:00,1.0,F12,f,2
Sa,28,October,2023,10:00,11:00,1.0,M28,m,2
Sa,28,October,2023,10:30,11:30,1.0,M18,m,1
Sa,28,October,2023,14:00,15:00,1.0,F38,f,1
Sa,28,October,2023,14:00,15:00,1.0,F38,f,2
So,29,October,2023,9:00,11:00,2.0,F33,f,1
So,29,October,2023,11:15,12:15,1.0,F25,f,1
So,29,October,2023,11:15,12:15,1.0,F25,f,2
So,29,October,2023,13:00,14:30,1.5,M7,m,1
So,29,October,2023,14:30,16:00,1.5,F57,f,1
So,29,October,2023,14:30,16:00,1.5,F57,f,2
So,29,October,2023,17:15,18:15,1.0,F44,f,1
So,29,October,2023,18:15,19:00,0.75,M16,m,1
So,29,October,2023,19:45,20:45,1.0,M7,m,1
So,29,October,2023,20:00,21:00,1.0,M41,m,2
Mo,30,October,2023,12:30,13:30,1.0,M47,m,1
Mo,30,October,2023,12:30,13:30,1.0,M47,m,2
Mo,30,October,2023,14:00,15:00,1.0,U3,u,1
Mo,30,October,2023,15:00,16:00,1.0,M33,m,1
Mo,30,October,2023,15:00,16:00,1.0,M33,m,2
Mo,30,October,2023,16:30,17:30,1.0,M17,m,2
Di,31,October,2023,8:00,10:00,2.0,M42,m,1
Di,31,October,2023,8:00,10:00,2.0,M42,m,2
Di,31,October,2023,13:45,14:45,1.0,M7,m,1
Di,31,October,2023,14:00,15:00,1.0,M16,m,2
Di,31,October,2023,15:15,16:15,1.0,M3,m,1
Di,31,October,2023,15:15,16:15,1.0,M3,m,2
Di,31,October,2023,16:30,17:30,1.0,F45,f,1
Di,31,October,2023,16:30,17:30,1.0,F45,f,2
Di,31,October,2023,18:00,20:00,2.0,F31,f,1
Di,31,October,2023,18:00,20:00,2.0,F31,f,2
Di,31,October,2023,20:00,21:00,1.0,M14,m,1
Di,31,October,2023,20:00,21:00,1.0,M14,m,2
Mi,1,November,2023,8:00,9:00,1.0,M18,m,1
Mi,1,November,2023,10:00,11:00,1.0,M17,m,1
Mi,1,November,2023,12:30,13:30,1.0,F18,f,1
Mi,1,November,2023,12:30,13:30,1.0,F18,f,2
Mi,1,November,2023,14:00,15:00,1.0,M44,m,1
Mi,1,November,2023,14:00,15:00,1.0,M44,m,2
Mi,1,November,2023,15:30,16:30,1.0,F40,f,1
Do,2,November,2023,7:00,10:00,3.0,Putzfrau,f,1
Do,2,November,2023,7:00,10:00,3.0,Putzfrau,f,2
Do,2,November,2023,13:00,14:00,1.0,U2,u,2
Do,2,November,2023,14:50,15:50,1.0,F53,f,1
Do,2,November,2023,14:50,15:50,1.0,F53,f,2
Do,2,November,2023,16:15,17:00,0.75,F41,f,1
Do,2,November,2023,16:15,17:00,0.75,F41,f,2
Do,2,November,2023,17:00,18:00,1.0,F23,f,1
Do,2,November,2023,17:00,18:00,1.0,F23,f,2
Fr,3,November,2023,7:30,8:30,1.0,M2,m,1
Fr,3,November,2023,7:30,8:30,1.0,M2,m,2
Fr,3,November,2023,12:00,13:00,1.0,F52,f,1
Fr,3,November,2023,12:00,13:00,1.0,F52,f,2
Fr,3,November,2023,14:00,15:00,1.0,M7,m,1
Fr,3,November,2023,16:00,17:00,1.0,F46,f,1
Fr,3,November,2023,16:00,17:00,1.0,F46,f,2
Fr,3,November,2023,18:45,19:45,1.0,F58,f,2
Fr,3,November,2023,20:30,21:30,1.0,F47,f,1
Fr,3,November,2023,20:30,21:30,1.0,F47,f,2
Sa,4,November,2023,9:00,10:00,1.0,F26,f,2
Sa,4,November,2023,12:00,13:00,1.0,F32,f,2
Sa,4,November,2023,14:30,15:30,1.0,M7,m,1
Sa,4,November,2023,14:30,15:30,1.0,M7,m,2
Sa,4,November,2023,15:30,16:30,1.0,M1,m,2
Sa,4,November,2023,15:45,16:45,1.0,M7,m,1
Sa,4,November,2023,17:30,18:30,1.0,M15,m,1
Sa,4,November,2023,17:30,18:30,1.0,M15,m,2
So,5,November,2023,12:00,13:00,1.0,F12,f,2
So,5,November,2023,13:00,14:00,1.0,F36,f,1
So,5,November,2023,13:00,14:00,1.0,F36,f,2
So,5,November,2023,15:00,16:00,1.0,M43,m,1
So,5,November,2023,15:00,16:00,1.0,M43,m,2
So,5,November,2023,16:30,17:30,1.0,M48,m,2
So,5,November,2023,17:00,18:00,1.0,F19,f,1
So,5,November,2023,17:30,18:30,1.0,F19,f,2
Mo,6,November,2023,10:00,11:00,1.0,F3,f,1
Mo,6,November,2023,10:00,11:00,1.0,F3,f,2
Mo,6,November,2023,15:30,16:30,1.0,M33,m,1
Mo,6,November,2023,15:30,16:30,1.0,M33,m,2
Mo,6,November,2023,17:00,18:00,1.0,F40,f,1
Mo,6,November,2023,17:00,18:00,1.0,M7,m,2
Di,7,November,2023,13:00,15:00,2.0,F53,f,1
Di,7,November,2023,13:00,15:00,2.0,F53,f,2
Di,7,November,2023,15:00,16:00,1.0,F20,f,1
Di,7,November,2023,15:00,16:00,1.0,F20,f,2
Di,7,November,2023,16:00,17:00,1.0,F23,f,1
Di,7,November,2023,16:00,17:00,1.0,F23,f,2
Di,7,November,2023,17:00,18:00,1.0,M14,m,1
Mi,8,November,2023,14:00,16:00,2.0,M39,m,1
Mi,8,November,2023,14:00,16:00,2.0,M39,m,2
Mi,8,November,2023,17:00,18:00,1.0,F18,f,1
Mi,8,November,2023,17:00,18:00,1.0,M12,m,2
Mi,8,November,2023,18:45,19:45,1.0,M19,m,2
Mi,8,November,2023,20:00,21:00,1.0,M7,m,1
Do,9,November,2023,7:00,10:00,3.0,Putzfrau,f,1
Do,9,November,2023,7:00,10:00,3.0,Putzfrau,f,2
Do,9,November,2023,10:30,12:00,1.5,M11,m,1
Do,9,November,2023,10:30,12:00,1.5,M11,m,2
Do,9,November,2023,16:30,17:30,1.0,M44,m,1
Do,9,November,2023,16:30,17:30,1.0,M44,m,2
Fr,10,November,2023,11:00,12:00,1.0,M17,m,1
Fr,10,November,2023,11:00,12:00,1.0,M17,m,2
Fr,10,November,2023,12:30,13:30,1.0,M5,m,1
Fr,10,November,2023,12:30,13:30,1.0,M5,m,2
Fr,10,November,2023,18:00,19:00,1.0,F44,f,1
Fr,10,November,2023,18:00,19:00,1.0,F44,f,2
Fr,10,November,2023,19:00,21:00,2.0,F31,f,1
Fr,10,November,2023,20:00,21:00,1.0,M16,m,2
Fr,10,November,2023,21:00,23:00,2.0,M36,m,1
Fr,10,November,2023,21:00,23:00,2.0,M36,m,2
Sa,11,November,2023,11:30,12:30,1.0,M2,m,1
Sa,11,November,2023,13:00,14:00,1.0,M28,m,1
Sa,11,November,2023,13:00,14:00,1.0,M28,m,2
Sa,11,November,2023,15:00,16:00,1.0,F15,f,1
Sa,11,November,2023,15:00,16:00,1.0,F15,f,2
Sa,11,November,2023,16:30,17:30,1.0,M11,m,1
Sa,11,November,2023,16:30,17:30,1.0,F32,f,2
Mo,13,November,2023,9:00,10:00,1.0,F46,f,2
Mo,13,November,2023,12:00,14:30,2.5,F59,f,2
Mo,13,November,2023,15:15,16:15,1.0,F54,f,2
Mo,13,November,2023,17:15,18:15,1.0,M16,m,1
Mo,13,November,2023,17:15,18:15,1.0,F45,f,2
Mo,13,November,2023,18:15,19:00,0.75,F25,f,1
Mo,13,November,2023,18:15,19:00,0.75,F25,f,2
Mo,13,November,2023,19:00,20:00,1.0,F27,f,1
Mo,13,November,2023,19:00,20:00,1.0,F27,f,2
Di,14,November,2023,14:45,15:45,1.0,F21,f,1
Di,14,November,2023,15:00,16:00,1.0,M1,m,2
Di,14,November,2023,16:00,17:00,1.0,F48,f,1
Di,14,November,2023,16:00,17:00,1.0,F48,f,2
Di,14,November,2023,17:00,18:00,1.0,F52,f,1
Di,14,November,2023,17:00,18:00,1.0,F52,f,2
Di,14,November,2023,18:30,19:30,1.0,M42,m,1
Di,14,November,2023,18:30,19:30,1.0,M42,m,2
Di,14,November,2023,19:30,20:30,1.0,F45,f,1
Di,14,November,2023,20:00,21:00,1.0,M7,m,2
Di,14,November,2023,21:00,22:00,1.0,F47,f,1
Di,14,November,2023,21:00,22:00,1.0,F47,f,2
Di,14,November,2023,22:00,23:00,1.0,M38,m,2
Mi,15,November,2023,12:00,13:00,1.0,F33,f,1
Mi,15,November,2023,12:15,13:15,1.0,F26,f,2
Mi,15,November,2023,15:15,17:15,2.0,M3,m,1
Mi,15,November,2023,15:15,16:15,1.0,M3,m,2
Mi,15,November,2023,17:15,18:15,1.0,F25,f,1
Mi,15,November,2023,17:15,18:15,1.0,F25,f,2
Mi,15,November,2023,18:30,19:30,1.0,F12,f,2
Mi,15,November,2023,19:30,20:30,1.0,F12,f,1
Mi,15,November,2023,19:30,20:30,1.0,M38,m,2
Mi,15,November,2023,20:30,21:30,1.0,F44,f,1
Do,16,November,2023,7:00,10:00,3.0,Putzfrau,f,1
Do,16,November,2023,7:00,10:00,3.0,Putzfrau,f,2
Do,16,November,2023,13:00,14:00,1.0,M45,m,1
Do,16,November,2023,16:00,17:00,1.0,F32,f,1
Do,16,November,2023,16:00,17:00,1.0,F32,f,2
Do,16,November,2023,17:00,18:00,1.0,M11,m,1
Do,16,November,2023,17:00,18:00,1.0,M11,m,2
Do,16,November,2023,18:00,19:00,1.0,F28,f,1
Do,16,November,2023,19:00,20:00,1.0,M7,m,2
Do,16,November,2023,23:00,0:00,1.0,M7,m,1
Do,16,November,2023,23:00,0:00,1.0,M7,m,2
Fr,17,November,2023,16:00,17:00,1.0,M33,m,1
Fr,17,November,2023,16:00,17:00,1.0,M33,m,2
Fr,17,November,2023,22:30,23:30,1.0,F53,f,1
Fr,17,November,2023,22:30,23:30,1.0,F53,f,2
Sa,18,November,2023,8:15,9:15,1.0,F14,f,1
Sa,18,November,2023,8:15,9:15,1.0,F14,f,2
Sa,18,November,2023,10:15,11:15,1.0,F1,f,1
Sa,18,November,2023,10:15,11:15,1.0,F1,f,2
Sa,18,November,2023,13:00,14:00,1.0,F21,f,1
Sa,18,November,2023,16:30,17:30,1.0,M11,m,1
Sa,18,November,2023,16:30,17:30,1.0,M11,m,2
Sa,18,November,2023,17:30,18:30,1.0,F32,f,2
So,19,November,2023,11:00,12:00,1.0,M7,m,2
So,19,November,2023,12:00,13:00,1.0,M49,m,1
So,19,November,2023,12:00,13:00,1.0,M49,m,2
So,19,November,2023,13:30,14:30,1.0,F54,f,1
So,19,November,2023,16:30,17:30,1.0,M43,m,1
So,19,November,2023,16:30,17:30,1.0,M43,m,2
So,19,November,2023,17:30,18:30,1.0,F28,f,1
Mo,20,November,2023,12:15,13:15,1.0,F20,f,1
Mo,20,November,2023,12:15,13:15,1.0,F20,f,2
Mo,20,November,2023,16:15,17:15,1.0,F55,f,1
Mo,20,November,2023,16:15,17:15,1.0,F55,f,2
Mo,20,November,2023,19:00,20:00,1.0,F9,f,1
Mo,20,November,2023,19:00,20:00,1.0,F9,f,2
Mo,20,November,2023,21:00,22:30,1.5,F15,f,1
Di,21,November,2023,10:00,11:00,1.0,F12,f,2
Di,21,November,2023,12:00,13:00,1.0,M15,m,1
Di,21,November,2023,12:00,13:00,1.0,M15,m,2
Di,21,November,2023,15:00,16:00,1.0,F23,f,1
Di,21,November,2023,15:00,16:00,1.0,F23,f,2
Di,21,November,2023,17:45,18:45,1.0,M44,m,1
Di,21,November,2023,17:45,18:45,1.0,M44,m,2
Di,21,November,2023,20:30,21:30,1.0,M49,m,2
Mi,22,November,2023,8:30,9:30,1.0,F52,f,1
Mi,22,November,2023,10:00,11:00,1.0,M2,m,1
Mi,22,November,2023,10:00,11:00,1.0,M2,m,2
Mi,22,November,2023,12:30,13:30,1.0,M18,m,1
Mi,22,November,2023,13:15,14:15,1.0,F56,f,2
Mi,22,November,2023,16:00,17:00,1.0,M17,m,1
Mi,22,November,2023,16:00,17:00,1.0,M17,m,2
Mi,22,November,2023,17:00,18:00,1.0,F19,f,1
Mi,22,November,2023,18:30,20:30,2.0,M7,m,2
Mi,22,November,2023,19:00,20:00,1.0,F45,f,1
Mi,22,November,2023,21:00,22:00,1.0,M33,m,1
Mi,22,November,2023,21:00,22:00,1.0,M33,m,2
Do,23,November,2023,7:00,10:00,3.0,Putzfrau,f,1
Do,23,November,2023,7:00,10:00,3.0,Putzfrau,f,2
Do,23,November,2023,16:00,17:00,1.0,M1,m,2
Do,23,November,2023,17:00,18:00,1.0,F47,f,1
Do,23,November,2023,19:30,20:30,1.0,F14,f,1
Do,23,November,2023,19:30,20:30,1.0,F14,f,2
Fr,24,November,2023,10:30,11:30,1.0,M11,m,1
Fr,24,November,2023,10:30,11:30,1.0,M11,m,2
Fr,24,November,2023,15:00,16:30,1.5,F18,f,1
Fr,24,November,2023,15:00,16:30,1.5,F18,f,2
Fr,24,November,2023,17:00,18:00,1.0,F21,f,1
Sa,25,November,2023,19:30,20:30,1.0,F27,f,1
Sa,25,November,2023,19:30,20:30,1.0,F45,f,2
So,26,November,2023,10:00,11:00,1.0,F27,f,1
So,26,November,2023,10:00,11:00,1.0,F27,f,2
So,26,November,2023,11:00,12:00,1.0,F40,f,1
So,26,November,2023,11:00,12:00,1.0,F40,f,2
So,26,November,2023,14:00,15:00,1.0,F33,f,1
So,26,November,2023,16:00,17:00,1.0,F54,f,1
So,26,November,2023,16:00,17:00,1.0,F54,f,2
So,26,November,2023,17:00,18:00,1.0,M45,m,1
So,26,November,2023,18:00,19:00,1.0,F46,f,1
So,26,November,2023,18:00,19:00,1.0,F46,f,2
Mo,27,November,2023,10:00,11:00,1.0,M7,m,2
Mo,27,November,2023,14:30,15:30,1.0,F52,f,1
Mo,27,November,2023,14:30,15:30,1.0,F52,f,2
Mo,27,November,2023,15:30,16:30,1.0,M17,m,1
Mo,27,November,2023,17:00,18:00,1.0,M19,m,2
Mo,27,November,2023,18:00,19:00,1.0,M5,m,1
Mo,27,November,2023,18:00,19:00,1.0,M5,m,2
Mo,27,November,2023,21:00,22:00,1.0,F15,f,1
Mo,27,November,2023,21:00,22:00,1.0,F15,f,2
Di,28,November,2023,16:00,17:00,1.0,F23,f,1
Di,28,November,2023,16:00,17:00,1.0,F23,f,2
Di,28,November,2023,18:00,19:00,1.0,F12,f,2
Di,28,November,2023,19:00,21:00,2.0,M3,m,1
Di,28,November,2023,19:00,21:0,2.0,M3,m,2
Di,28,November,2023,21:00,22:00,1.0,F38,f,1
Mi,29,November,2023,10:30,11:30,1.0,F31,f,1
Mi,29,November,2023,14:40,15:40,1.0,M12,m,2
Mi,29,November,2023,15:40,16:30,0.83,M28,m,1
Mi,29,November,2023,15:40,16:30,0.83,M28,m,2
Mi,29,November,2023,16:30,17:30,1.0,M42,m,1
Mi,29,November,2023,16:30,17:30,1.0,M42,m,2
Mi,29,November,2023,19:30,20:30,1.0,M10,m,1
Mi,29,November,2023,19:30,20:30,1.0,M10,m,2
Mi,29,November,2023,20:30,21:30,1.0,F44,f,1
Mi,29,November,2023,20:30,21:30,1.0,F44,f,2
Do,30,November,2023,7:00,10:00,3.0,Putzfrau,f,1
Do,30,November,2023,7:00,10:00,3.0,Putzfrau,f,2
Do,30,November,2023,10:00,11:00,1.0,F31,f,1
Do,30,November,2023,17:30,19:30,2.0,M16,m,1
Do,30,November,2023,17:30,19:30,2.0,M16,m,2
Do,30,November,2023,20:00,21:00,1.0,M33,m,1
Do,30,November,2023,20:00,21:00,1.0,M33,m,2
Do,30,November,2023,21:00,22:00,1.0,F54,f,2
Fr,1,December,2023,10:00,11:00,1.0,F22,f,2
Fr,1,December,2023,11:00,12:00,1.0,F3,f,1
Fr,1,December,2023,11:00,12:00,1.0,F3,f,2
Fr,1,December,2023,15:00,16:00,1.0,F38,f,1
Fr,1,December,2023,16:30,17:30,1.0,F53,f,1
Fr,1,December,2023,16:30,17:30,1.0,F53,f,2
Fr,1,December,2023,18:00,19:00,1.0,F20,f,1
Fr,1,December,2023,18:00,19:00,1.0,F20,f,2
Fr,1,December,2023,19:30,20:30,1.0,M43,m,1
Fr,1,December,2023,19:30,20:30,1.0,M43,m,2
Fr,1,December,2023,20:30,21:30,1.0,F45,f,1
Fr,1,December,2023,20:30,21:30,1.0,F45,f,2
Sa,2,December,2023,10:00,11:00,1.0,F30,f,1
Sa,2,December,2023,10:00,11:00,1.0,F30,f,2
Sa,2,December,2023,17:30,19:50,2.33,F31,f,1
Sa,2,December,2023,19:30,20:30,1.0,F45,f,2
So,3,December,2023,15:45,16:45,1.0,F48,f,1
So,3,December,2023,15:45,16:45,1.0,F48,f,2
So,3,December,2023,17:00,18:00,1.0,M7,m,2
So,3,December,2023,19:00,20:00,1.0,M11,m,1
So,3,December,2023,19:00,20:00,1.0,M11,m,2
Mo,4,December,2023,10:30,11:30,1.0,M36,m,1
Mo,4,December,2023,10:30,11:30,1.0,M36,m,2
Mo,4,December,2023,11:30,12:30,1.0,M7,m,2
Mo,4,December,2023,15:00,16:00,1.0,M1,m,2
Mo,4,December,2023,17:20,18:20,1.0,M44,m,1
Mo,4,December,2023,17:20,18:20,1.0,M44,m,2